cells,level_max,level_min,rows,time_max,time_min,timestamps,index_bytes,table_bytes,source,native_level,pixel_resolution_m,temporal_granularity,cells_per_native_pixel,rows_per_cell,query_seconds
4468139,13,13,9045136,2022-01-01 00:00:00,2010-01-01 00:00:00,13,266272768,472121344,CACES_Air,13,200,annual,4.0,2.02,39.6
6,13,13,7,2024-01-01 00:00:00,2023-01-01 00:00:00,2,16384,8192,CACES_AirPollution,13,200,annual,4.0,1.17,7.9
180338,8,8,24921614,2022-12-31 23:00:00,2010-05-11 16:00:00,109314,731127808,2521186304,ERA5_Land,8,9000,hour,8100.0,138.19,48.7
3847524,13,13,7367241,2022-01-01 00:00:00,2010-01-01 00:00:00,13,213860352,326344704,JRC_Water,13,30,year,0.09,1.91,61.8
4172678,13,13,8337957,2022-01-01 00:00:00,2010-01-01 00:00:00,13,240476160,369352704,Landsat_NDVI,13,30,year,0.09,2.0,32.3
4315398,13,13,8622086,2022-01-01 00:00:00,2010-01-01 00:00:00,13,248307712,381927424,MODIS_NDVI,13,250,year,6.25,2.0,32.1
4253517,13,13,8522009,2022-01-01 00:00:00,2010-01-01 00:00:00,13,246849536,793567232,MODIS_Treecover,13,250,year,6.25,2.0,30.2
3963324,13,13,8130347,2022-01-01 00:00:00,2010-01-01 00:00:00,13,235364352,489291776,NLCD,13,30,year,0.09,2.05,33.3
4468139,13,13,4468139,1900-01-01 00:00:00,1900-01-01 00:00:00,1,131686400,197935104,Parks_Distance,13,200,static,4.0,1.0,38.2
4468139,13,13,4468139,1900-01-01 00:00:00,1900-01-01 00:00:00,1,131686400,197935104,Walkability,13,200,static,4.0,1.0,39.5
6,13,13,6,1900-01-01 00:00:00,1900-01-01 00:00:00,1,16384,8192,Walkability_Inside,13,200,static,4.0,1.0,7.2
6,13,13,6,1900-01-01 00:00:00,1900-01-01 00:00:00,1,16384,8192,Walkability_Zone,13,200,static,4.0,1.0,6.1
3054671,13,13,4696109,2022-01-01 00:00:00,2010-01-01 00:00:00,13,134914048,260980736,YALE_UHI,13,1000,year,100.0,1.54,50.6
