workload,varset,points,variables,items,rows_returned,non_null_values,restart_seconds,cold_seconds,warm_median_seconds,warm_p95_seconds,warm_min_seconds,warm_max_seconds,warm_reps
p1_month,1,10,1,10,10,10,2.72,0.14,0.034,0.035,0.033,0.035,5
p1_month,5,10,5,50,10,43,2.37,0.171,0.101,0.112,0.099,0.115,5
p1_month,all,10,31,310,10,274,2.38,0.713,0.578,0.593,0.566,0.596,5
p1_year,1,10,1,10,10,10,2.35,0.066,0.034,0.035,0.033,0.036,5
p1_year,5,10,5,50,10,50,2.35,0.195,0.102,0.111,0.096,0.114,5
p1_year,all,10,31,310,10,310,2.34,0.665,0.59,0.612,0.535,0.613,5
p1_full,1,10,1,10,10,10,2.44,0.09,0.033,0.039,0.032,0.04,5
p1_full,5,10,5,50,10,40,2.4,0.169,0.103,0.108,0.095,0.108,5
p1_full,all,10,31,310,10,250,2.36,0.67,0.582,0.606,0.568,0.606,5
p10_month,1,40,1,40,40,30,2.34,0.137,0.103,0.137,0.086,0.14,5
p10_month,5,40,5,200,40,163,2.44,0.475,0.368,0.37,0.355,0.37,5
p10_month,all,40,31,1240,40,994,2.36,2.313,2.306,2.463,2.28,2.489,5
p10_year,1,70,1,70,70,56,2.46,0.232,0.143,0.159,0.135,0.162,5
p10_year,5,70,5,350,70,293,2.38,0.753,0.677,0.713,0.644,0.72,5
p10_year,all,70,31,2170,70,1842,2.54,4.023,3.979,4.032,3.924,4.043,5
p10_full,1,100,1,100,100,93,2.41,0.342,0.199,0.214,0.188,0.217,5
p10_full,5,100,5,500,100,397,2.39,0.97,1.014,1.018,0.911,1.019,5
p10_full,all,100,31,3100,100,2568,2.48,6.274,5.751,6.174,5.611,6.232,5
p100_month,1,540,1,540,540,502,2.76,1.558,1.071,1.095,0.975,1.097,5
p100_month,5,540,5,2700,540,2340,2.38,5.05,4.896,5.145,4.864,5.173,5
p100_month,all,540,31,16740,540,14504,2.51,31.25,30.389,31.726,29.672,32.022,5
p100_year,1,650,1,650,650,586,2.45,1.499,1.208,1.211,1.168,1.212,5
p100_year,5,650,5,3250,650,2743,2.37,6.17,5.973,6.041,5.857,6.053,5
p100_year,all,650,31,20150,650,17210,2.46,37.779,39.318,40.002,38.742,40.041,5
p100_full,1,1000,1,1000,1000,841,2.5,2.28,1.848,2.807,1.805,3.031,5
p100_full,5,1000,5,5000,1000,3706,2.51,9.34,8.74,9.328,8.561,9.382,5
p100_full,all,1000,31,31000,1000,24574,2.53,52.766,54.097,54.717,52.888,54.725,5
pall_month,1,2150,1,2150,2150,2014,2.51,4.653,3.809,3.83,3.612,3.832,5
pall_month,5,2150,5,10750,2150,9073,2.41,19.016,19.523,20.381,18.604,20.521,5
pall_month,all,2150,31,66650,2150,56428,2.42,115.102,116.217,116.605,115.535,116.696,5
pall_year,1,2403,1,2403,2403,2109,2.49,4.585,4.216,4.241,4.174,4.242,5
pall_year,5,2403,5,12015,2403,9489,2.38,20.917,20.892,21.756,20.869,21.904,5
pall_year,all,2403,31,74493,2403,61081,2.47,132.981,134.206,135.045,133.64,135.239,5
pall_full,1,3442,1,3442,3442,2399,2.59,7.12,6.037,6.053,5.965,6.054,5
pall_full,5,3442,5,17210,3442,10788,2.45,30.927,30.629,30.827,29.927,30.863,5
pall_full,all,3442,31,106702,3442,77624,2.46,185.134,186.973,187.841,186.224,187.933,5
