latitude,longitude,timestamp
46.8,-118.5,2021-06-15
46.8,-118.4948,2021-06-15
46.8,-118.4896,2021-06-15
46.8,-118.4844,2021-06-15
46.8,-118.4792,2021-06-15
46.8,-118.474,2021-06-15
46.8,-118.4688,2021-06-15
46.8,-118.4636,2021-06-15
46.8,-118.4584,2021-06-15
46.8,-118.4532,2021-06-15
46.8,-118.448,2021-06-15
46.8,-118.4428,2021-06-15
46.8,-118.4376,2021-06-15
46.8,-118.4324,2021-06-15
46.8,-118.4272,2021-06-15
46.8,-118.422,2021-06-15
46.8,-118.4168,2021-06-15
46.8,-118.4116,2021-06-15
46.8,-118.4064,2021-06-15
46.8,-118.4012,2021-06-15
46.8,-118.396,2021-06-15
46.8,-118.3908,2021-06-15
46.8,-118.3856,2021-06-15
46.8,-118.3804,2021-06-15
46.8,-118.3752,2021-06-15
46.8009,-118.5,2021-06-15
46.8009,-118.4948,2021-06-15
46.8009,-118.4896,2021-06-15
46.8009,-118.4844,2021-06-15
46.8009,-118.4792,2021-06-15
46.8009,-118.474,2021-06-15
46.8009,-118.4688,2021-06-15
46.8009,-118.4636,2021-06-15
46.8009,-118.4584,2021-06-15
46.8009,-118.4532,2021-06-15
46.8009,-118.448,2021-06-15
46.8009,-118.4428,2021-06-15
46.8009,-118.4376,2021-06-15
46.8009,-118.4324,2021-06-15
46.8009,-118.4272,2021-06-15
46.8009,-118.422,2021-06-15
46.8009,-118.4168,2021-06-15
46.8009,-118.4116,2021-06-15
46.8009,-118.4064,2021-06-15
46.8009,-118.4012,2021-06-15
46.8009,-118.396,2021-06-15
46.8009,-118.3908,2021-06-15
46.8009,-118.3856,2021-06-15
46.8009,-118.3804,2021-06-15
46.8009,-118.3752,2021-06-15
46.8018,-118.5,2021-06-15
46.8018,-118.4948,2021-06-15
46.8018,-118.4896,2021-06-15
46.8018,-118.4844,2021-06-15
46.8018,-118.4792,2021-06-15
46.8018,-118.474,2021-06-15
46.8018,-118.4688,2021-06-15
46.8018,-118.4636,2021-06-15
46.8018,-118.4584,2021-06-15
46.8018,-118.4532,2021-06-15
46.8018,-118.448,2021-06-15
46.8018,-118.4428,2021-06-15
46.8018,-118.4376,2021-06-15
46.8018,-118.4324,2021-06-15
46.8018,-118.4272,2021-06-15
46.8018,-118.422,2021-06-15
46.8018,-118.4168,2021-06-15
46.8018,-118.4116,2021-06-15
46.8018,-118.4064,2021-06-15
46.8018,-118.4012,2021-06-15
46.8018,-118.396,2021-06-15
46.8018,-118.3908,2021-06-15
46.8018,-118.3856,2021-06-15
46.8018,-118.3804,2021-06-15
46.8018,-118.3752,2021-06-15
46.8027,-118.5,2021-06-15
46.8027,-118.4948,2021-06-15
46.8027,-118.4896,2021-06-15
46.8027,-118.4844,2021-06-15
46.8027,-118.4792,2021-06-15
46.8027,-118.474,2021-06-15
46.8027,-118.4688,2021-06-15
46.8027,-118.4636,2021-06-15
46.8027,-118.4584,2021-06-15
46.8027,-118.4532,2021-06-15
46.8027,-118.448,2021-06-15
46.8027,-118.4428,2021-06-15
46.8027,-118.4376,2021-06-15
46.8027,-118.4324,2021-06-15
46.8027,-118.4272,2021-06-15
46.8027,-118.422,2021-06-15
46.8027,-118.4168,2021-06-15
46.8027,-118.4116,2021-06-15
46.8027,-118.4064,2021-06-15
46.8027,-118.4012,2021-06-15
46.8027,-118.396,2021-06-15
46.8027,-118.3908,2021-06-15
46.8027,-118.3856,2021-06-15
46.8027,-118.3804,2021-06-15
46.8027,-118.3752,2021-06-15
46.8036,-118.5,2021-06-15
46.8036,-118.4948,2021-06-15
46.8036,-118.4896,2021-06-15
46.8036,-118.4844,2021-06-15
46.8036,-118.4792,2021-06-15
46.8036,-118.474,2021-06-15
46.8036,-118.4688,2021-06-15
46.8036,-118.4636,2021-06-15
46.8036,-118.4584,2021-06-15
46.8036,-118.4532,2021-06-15
46.8036,-118.448,2021-06-15
46.8036,-118.4428,2021-06-15
46.8036,-118.4376,2021-06-15
46.8036,-118.4324,2021-06-15
46.8036,-118.4272,2021-06-15
46.8036,-118.422,2021-06-15
46.8036,-118.4168,2021-06-15
46.8036,-118.4116,2021-06-15
46.8036,-118.4064,2021-06-15
46.8036,-118.4012,2021-06-15
46.8036,-118.396,2021-06-15
46.8036,-118.3908,2021-06-15
46.8036,-118.3856,2021-06-15
46.8036,-118.3804,2021-06-15
46.8036,-118.3752,2021-06-15
46.8045,-118.5,2021-06-15
46.8045,-118.4948,2021-06-15
46.8045,-118.4896,2021-06-15
46.8045,-118.4844,2021-06-15
46.8045,-118.4792,2021-06-15
46.8045,-118.474,2021-06-15
46.8045,-118.4688,2021-06-15
46.8045,-118.4636,2021-06-15
46.8045,-118.4584,2021-06-15
46.8045,-118.4532,2021-06-15
46.8045,-118.448,2021-06-15
46.8045,-118.4428,2021-06-15
46.8045,-118.4376,2021-06-15
46.8045,-118.4324,2021-06-15
46.8045,-118.4272,2021-06-15
46.8045,-118.422,2021-06-15
46.8045,-118.4168,2021-06-15
46.8045,-118.4116,2021-06-15
46.8045,-118.4064,2021-06-15
46.8045,-118.4012,2021-06-15
46.8045,-118.396,2021-06-15
46.8045,-118.3908,2021-06-15
46.8045,-118.3856,2021-06-15
46.8045,-118.3804,2021-06-15
46.8045,-118.3752,2021-06-15
46.8054,-118.5,2021-06-15
46.8054,-118.4948,2021-06-15
46.8054,-118.4896,2021-06-15
46.8054,-118.4844,2021-06-15
46.8054,-118.4792,2021-06-15
46.8054,-118.474,2021-06-15
46.8054,-118.4688,2021-06-15
46.8054,-118.4636,2021-06-15
46.8054,-118.4584,2021-06-15
46.8054,-118.4532,2021-06-15
46.8054,-118.448,2021-06-15
46.8054,-118.4428,2021-06-15
46.8054,-118.4376,2021-06-15
46.8054,-118.4324,2021-06-15
46.8054,-118.4272,2021-06-15
46.8054,-118.422,2021-06-15
46.8054,-118.4168,2021-06-15
46.8054,-118.4116,2021-06-15
46.8054,-118.4064,2021-06-15
46.8054,-118.4012,2021-06-15
46.8054,-118.396,2021-06-15
46.8054,-118.3908,2021-06-15
46.8054,-118.3856,2021-06-15
46.8054,-118.3804,2021-06-15
46.8054,-118.3752,2021-06-15
46.8063,-118.5,2021-06-15
46.8063,-118.4948,2021-06-15
46.8063,-118.4896,2021-06-15
46.8063,-118.4844,2021-06-15
46.8063,-118.4792,2021-06-15
46.8063,-118.474,2021-06-15
46.8063,-118.4688,2021-06-15
46.8063,-118.4636,2021-06-15
46.8063,-118.4584,2021-06-15
46.8063,-118.4532,2021-06-15
46.8063,-118.448,2021-06-15
46.8063,-118.4428,2021-06-15
46.8063,-118.4376,2021-06-15
46.8063,-118.4324,2021-06-15
46.8063,-118.4272,2021-06-15
46.8063,-118.422,2021-06-15
46.8063,-118.4168,2021-06-15
46.8063,-118.4116,2021-06-15
46.8063,-118.4064,2021-06-15
46.8063,-118.4012,2021-06-15
46.8063,-118.396,2021-06-15
46.8063,-118.3908,2021-06-15
46.8063,-118.3856,2021-06-15
46.8063,-118.3804,2021-06-15
46.8063,-118.3752,2021-06-15
46.8072,-118.5,2021-06-15
46.8072,-118.4948,2021-06-15
46.8072,-118.4896,2021-06-15
46.8072,-118.4844,2021-06-15
46.8072,-118.4792,2021-06-15
46.8072,-118.474,2021-06-15
46.8072,-118.4688,2021-06-15
46.8072,-118.4636,2021-06-15
46.8072,-118.4584,2021-06-15
46.8072,-118.4532,2021-06-15
46.8072,-118.448,2021-06-15
46.8072,-118.4428,2021-06-15
46.8072,-118.4376,2021-06-15
46.8072,-118.4324,2021-06-15
46.8072,-118.4272,2021-06-15
46.8072,-118.422,2021-06-15
46.8072,-118.4168,2021-06-15
46.8072,-118.4116,2021-06-15
46.8072,-118.4064,2021-06-15
46.8072,-118.4012,2021-06-15
46.8072,-118.396,2021-06-15
46.8072,-118.3908,2021-06-15
46.8072,-118.3856,2021-06-15
46.8072,-118.3804,2021-06-15
46.8072,-118.3752,2021-06-15
46.8081,-118.5,2021-06-15
46.8081,-118.4948,2021-06-15
46.8081,-118.4896,2021-06-15
46.8081,-118.4844,2021-06-15
46.8081,-118.4792,2021-06-15
46.8081,-118.474,2021-06-15
46.8081,-118.4688,2021-06-15
46.8081,-118.4636,2021-06-15
46.8081,-118.4584,2021-06-15
46.8081,-118.4532,2021-06-15
46.8081,-118.448,2021-06-15
46.8081,-118.4428,2021-06-15
46.8081,-118.4376,2021-06-15
46.8081,-118.4324,2021-06-15
46.8081,-118.4272,2021-06-15
46.8081,-118.422,2021-06-15
46.8081,-118.4168,2021-06-15
46.8081,-118.4116,2021-06-15
46.8081,-118.4064,2021-06-15
46.8081,-118.4012,2021-06-15
46.8081,-118.396,2021-06-15
46.8081,-118.3908,2021-06-15
46.8081,-118.3856,2021-06-15
46.8081,-118.3804,2021-06-15
46.8081,-118.3752,2021-06-15
46.809,-118.5,2021-06-15
46.809,-118.4948,2021-06-15
46.809,-118.4896,2021-06-15
46.809,-118.4844,2021-06-15
46.809,-118.4792,2021-06-15
46.809,-118.474,2021-06-15
46.809,-118.4688,2021-06-15
46.809,-118.4636,2021-06-15
46.809,-118.4584,2021-06-15
46.809,-118.4532,2021-06-15
46.809,-118.448,2021-06-15
46.809,-118.4428,2021-06-15
46.809,-118.4376,2021-06-15
46.809,-118.4324,2021-06-15
46.809,-118.4272,2021-06-15
46.809,-118.422,2021-06-15
46.809,-118.4168,2021-06-15
46.809,-118.4116,2021-06-15
46.809,-118.4064,2021-06-15
46.809,-118.4012,2021-06-15
46.809,-118.396,2021-06-15
46.809,-118.3908,2021-06-15
46.809,-118.3856,2021-06-15
46.809,-118.3804,2021-06-15
46.809,-118.3752,2021-06-15
46.8099,-118.5,2021-06-15
46.8099,-118.4948,2021-06-15
46.8099,-118.4896,2021-06-15
46.8099,-118.4844,2021-06-15
46.8099,-118.4792,2021-06-15
46.8099,-118.474,2021-06-15
46.8099,-118.4688,2021-06-15
46.8099,-118.4636,2021-06-15
46.8099,-118.4584,2021-06-15
46.8099,-118.4532,2021-06-15
46.8099,-118.448,2021-06-15
46.8099,-118.4428,2021-06-15
46.8099,-118.4376,2021-06-15
46.8099,-118.4324,2021-06-15
46.8099,-118.4272,2021-06-15
46.8099,-118.422,2021-06-15
46.8099,-118.4168,2021-06-15
46.8099,-118.4116,2021-06-15
46.8099,-118.4064,2021-06-15
46.8099,-118.4012,2021-06-15
46.8099,-118.396,2021-06-15
46.8099,-118.3908,2021-06-15
46.8099,-118.3856,2021-06-15
46.8099,-118.3804,2021-06-15
46.8099,-118.3752,2021-06-15
46.8108,-118.5,2021-06-15
46.8108,-118.4948,2021-06-15
46.8108,-118.4896,2021-06-15
46.8108,-118.4844,2021-06-15
46.8108,-118.4792,2021-06-15
46.8108,-118.474,2021-06-15
46.8108,-118.4688,2021-06-15
46.8108,-118.4636,2021-06-15
46.8108,-118.4584,2021-06-15
46.8108,-118.4532,2021-06-15
46.8108,-118.448,2021-06-15
46.8108,-118.4428,2021-06-15
46.8108,-118.4376,2021-06-15
46.8108,-118.4324,2021-06-15
46.8108,-118.4272,2021-06-15
46.8108,-118.422,2021-06-15
46.8108,-118.4168,2021-06-15
46.8108,-118.4116,2021-06-15
46.8108,-118.4064,2021-06-15
46.8108,-118.4012,2021-06-15
46.8108,-118.396,2021-06-15
46.8108,-118.3908,2021-06-15
46.8108,-118.3856,2021-06-15
46.8108,-118.3804,2021-06-15
46.8108,-118.3752,2021-06-15
46.8117,-118.5,2021-06-15
46.8117,-118.4948,2021-06-15
46.8117,-118.4896,2021-06-15
46.8117,-118.4844,2021-06-15
46.8117,-118.4792,2021-06-15
46.8117,-118.474,2021-06-15
46.8117,-118.4688,2021-06-15
46.8117,-118.4636,2021-06-15
46.8117,-118.4584,2021-06-15
46.8117,-118.4532,2021-06-15
46.8117,-118.448,2021-06-15
46.8117,-118.4428,2021-06-15
46.8117,-118.4376,2021-06-15
46.8117,-118.4324,2021-06-15
46.8117,-118.4272,2021-06-15
46.8117,-118.422,2021-06-15
46.8117,-118.4168,2021-06-15
46.8117,-118.4116,2021-06-15
46.8117,-118.4064,2021-06-15
46.8117,-118.4012,2021-06-15
46.8117,-118.396,2021-06-15
46.8117,-118.3908,2021-06-15
46.8117,-118.3856,2021-06-15
46.8117,-118.3804,2021-06-15
46.8117,-118.3752,2021-06-15
46.8126,-118.5,2021-06-15
46.8126,-118.4948,2021-06-15
46.8126,-118.4896,2021-06-15
46.8126,-118.4844,2021-06-15
46.8126,-118.4792,2021-06-15
46.8126,-118.474,2021-06-15
46.8126,-118.4688,2021-06-15
46.8126,-118.4636,2021-06-15
46.8126,-118.4584,2021-06-15
46.8126,-118.4532,2021-06-15
46.8126,-118.448,2021-06-15
46.8126,-118.4428,2021-06-15
46.8126,-118.4376,2021-06-15
46.8126,-118.4324,2021-06-15
46.8126,-118.4272,2021-06-15
46.8126,-118.422,2021-06-15
46.8126,-118.4168,2021-06-15
46.8126,-118.4116,2021-06-15
46.8126,-118.4064,2021-06-15
46.8126,-118.4012,2021-06-15
46.8126,-118.396,2021-06-15
46.8126,-118.3908,2021-06-15
46.8126,-118.3856,2021-06-15
46.8126,-118.3804,2021-06-15
46.8126,-118.3752,2021-06-15
46.8135,-118.5,2021-06-15
46.8135,-118.4948,2021-06-15
46.8135,-118.4896,2021-06-15
46.8135,-118.4844,2021-06-15
46.8135,-118.4792,2021-06-15
46.8135,-118.474,2021-06-15
46.8135,-118.4688,2021-06-15
46.8135,-118.4636,2021-06-15
46.8135,-118.4584,2021-06-15
46.8135,-118.4532,2021-06-15
46.8135,-118.448,2021-06-15
46.8135,-118.4428,2021-06-15
46.8135,-118.4376,2021-06-15
46.8135,-118.4324,2021-06-15
46.8135,-118.4272,2021-06-15
46.8135,-118.422,2021-06-15
46.8135,-118.4168,2021-06-15
46.8135,-118.4116,2021-06-15
46.8135,-118.4064,2021-06-15
46.8135,-118.4012,2021-06-15
46.8135,-118.396,2021-06-15
46.8135,-118.3908,2021-06-15
46.8135,-118.3856,2021-06-15
46.8135,-118.3804,2021-06-15
46.8135,-118.3752,2021-06-15
46.8144,-118.5,2021-06-15
46.8144,-118.4948,2021-06-15
46.8144,-118.4896,2021-06-15
46.8144,-118.4844,2021-06-15
46.8144,-118.4792,2021-06-15
46.8144,-118.474,2021-06-15
46.8144,-118.4688,2021-06-15
46.8144,-118.4636,2021-06-15
46.8144,-118.4584,2021-06-15
46.8144,-118.4532,2021-06-15
46.8144,-118.448,2021-06-15
46.8144,-118.4428,2021-06-15
46.8144,-118.4376,2021-06-15
46.8144,-118.4324,2021-06-15
46.8144,-118.4272,2021-06-15
46.8144,-118.422,2021-06-15
46.8144,-118.4168,2021-06-15
46.8144,-118.4116,2021-06-15
46.8144,-118.4064,2021-06-15
46.8144,-118.4012,2021-06-15
46.8144,-118.396,2021-06-15
46.8144,-118.3908,2021-06-15
46.8144,-118.3856,2021-06-15
46.8144,-118.3804,2021-06-15
46.8144,-118.3752,2021-06-15
46.8153,-118.5,2021-06-15
46.8153,-118.4948,2021-06-15
46.8153,-118.4896,2021-06-15
46.8153,-118.4844,2021-06-15
46.8153,-118.4792,2021-06-15
46.8153,-118.474,2021-06-15
46.8153,-118.4688,2021-06-15
46.8153,-118.4636,2021-06-15
46.8153,-118.4584,2021-06-15
46.8153,-118.4532,2021-06-15
46.8153,-118.448,2021-06-15
46.8153,-118.4428,2021-06-15
46.8153,-118.4376,2021-06-15
46.8153,-118.4324,2021-06-15
46.8153,-118.4272,2021-06-15
46.8153,-118.422,2021-06-15
46.8153,-118.4168,2021-06-15
46.8153,-118.4116,2021-06-15
46.8153,-118.4064,2021-06-15
46.8153,-118.4012,2021-06-15
46.8153,-118.396,2021-06-15
46.8153,-118.3908,2021-06-15
46.8153,-118.3856,2021-06-15
46.8153,-118.3804,2021-06-15
46.8153,-118.3752,2021-06-15
46.8162,-118.5,2021-06-15
46.8162,-118.4948,2021-06-15
46.8162,-118.4896,2021-06-15
46.8162,-118.4844,2021-06-15
46.8162,-118.4792,2021-06-15
46.8162,-118.474,2021-06-15
46.8162,-118.4688,2021-06-15
46.8162,-118.4636,2021-06-15
46.8162,-118.4584,2021-06-15
46.8162,-118.4532,2021-06-15
46.8162,-118.448,2021-06-15
46.8162,-118.4428,2021-06-15
46.8162,-118.4376,2021-06-15
46.8162,-118.4324,2021-06-15
46.8162,-118.4272,2021-06-15
46.8162,-118.422,2021-06-15
46.8162,-118.4168,2021-06-15
46.8162,-118.4116,2021-06-15
46.8162,-118.4064,2021-06-15
46.8162,-118.4012,2021-06-15
46.8162,-118.396,2021-06-15
46.8162,-118.3908,2021-06-15
46.8162,-118.3856,2021-06-15
46.8162,-118.3804,2021-06-15
46.8162,-118.3752,2021-06-15
46.8171,-118.5,2021-06-15
46.8171,-118.4948,2021-06-15
46.8171,-118.4896,2021-06-15
46.8171,-118.4844,2021-06-15
46.8171,-118.4792,2021-06-15
46.8171,-118.474,2021-06-15
46.8171,-118.4688,2021-06-15
46.8171,-118.4636,2021-06-15
46.8171,-118.4584,2021-06-15
46.8171,-118.4532,2021-06-15
46.8171,-118.448,2021-06-15
46.8171,-118.4428,2021-06-15
46.8171,-118.4376,2021-06-15
46.8171,-118.4324,2021-06-15
46.8171,-118.4272,2021-06-15
46.8171,-118.422,2021-06-15
46.8171,-118.4168,2021-06-15
46.8171,-118.4116,2021-06-15
46.8171,-118.4064,2021-06-15
46.8171,-118.4012,2021-06-15
46.8171,-118.396,2021-06-15
46.8171,-118.3908,2021-06-15
46.8171,-118.3856,2021-06-15
46.8171,-118.3804,2021-06-15
46.8171,-118.3752,2021-06-15
46.818,-118.5,2021-06-15
46.818,-118.4948,2021-06-15
46.818,-118.4896,2021-06-15
46.818,-118.4844,2021-06-15
46.818,-118.4792,2021-06-15
46.818,-118.474,2021-06-15
46.818,-118.4688,2021-06-15
46.818,-118.4636,2021-06-15
46.818,-118.4584,2021-06-15
46.818,-118.4532,2021-06-15
46.818,-118.448,2021-06-15
46.818,-118.4428,2021-06-15
46.818,-118.4376,2021-06-15
46.818,-118.4324,2021-06-15
46.818,-118.4272,2021-06-15
46.818,-118.422,2021-06-15
46.818,-118.4168,2021-06-15
46.818,-118.4116,2021-06-15
46.818,-118.4064,2021-06-15
46.818,-118.4012,2021-06-15
46.818,-118.396,2021-06-15
46.818,-118.3908,2021-06-15
46.818,-118.3856,2021-06-15
46.818,-118.3804,2021-06-15
46.818,-118.3752,2021-06-15
46.8189,-118.5,2021-06-15
46.8189,-118.4948,2021-06-15
46.8189,-118.4896,2021-06-15
46.8189,-118.4844,2021-06-15
46.8189,-118.4792,2021-06-15
46.8189,-118.474,2021-06-15
46.8189,-118.4688,2021-06-15
46.8189,-118.4636,2021-06-15
46.8189,-118.4584,2021-06-15
46.8189,-118.4532,2021-06-15
46.8189,-118.448,2021-06-15
46.8189,-118.4428,2021-06-15
46.8189,-118.4376,2021-06-15
46.8189,-118.4324,2021-06-15
46.8189,-118.4272,2021-06-15
46.8189,-118.422,2021-06-15
46.8189,-118.4168,2021-06-15
46.8189,-118.4116,2021-06-15
46.8189,-118.4064,2021-06-15
46.8189,-118.4012,2021-06-15
46.8189,-118.396,2021-06-15
46.8189,-118.3908,2021-06-15
46.8189,-118.3856,2021-06-15
46.8189,-118.3804,2021-06-15
46.8189,-118.3752,2021-06-15
46.8198,-118.5,2021-06-15
46.8198,-118.4948,2021-06-15
46.8198,-118.4896,2021-06-15
46.8198,-118.4844,2021-06-15
46.8198,-118.4792,2021-06-15
46.8198,-118.474,2021-06-15
46.8198,-118.4688,2021-06-15
46.8198,-118.4636,2021-06-15
46.8198,-118.4584,2021-06-15
46.8198,-118.4532,2021-06-15
46.8198,-118.448,2021-06-15
46.8198,-118.4428,2021-06-15
46.8198,-118.4376,2021-06-15
46.8198,-118.4324,2021-06-15
46.8198,-118.4272,2021-06-15
46.8198,-118.422,2021-06-15
46.8198,-118.4168,2021-06-15
46.8198,-118.4116,2021-06-15
46.8198,-118.4064,2021-06-15
46.8198,-118.4012,2021-06-15
46.8198,-118.396,2021-06-15
46.8198,-118.3908,2021-06-15
46.8198,-118.3856,2021-06-15
46.8198,-118.3804,2021-06-15
46.8198,-118.3752,2021-06-15
46.8207,-118.5,2021-06-15
46.8207,-118.4948,2021-06-15
46.8207,-118.4896,2021-06-15
46.8207,-118.4844,2021-06-15
46.8207,-118.4792,2021-06-15
46.8207,-118.474,2021-06-15
46.8207,-118.4688,2021-06-15
46.8207,-118.4636,2021-06-15
46.8207,-118.4584,2021-06-15
46.8207,-118.4532,2021-06-15
46.8207,-118.448,2021-06-15
46.8207,-118.4428,2021-06-15
46.8207,-118.4376,2021-06-15
46.8207,-118.4324,2021-06-15
46.8207,-118.4272,2021-06-15
46.8207,-118.422,2021-06-15
46.8207,-118.4168,2021-06-15
46.8207,-118.4116,2021-06-15
46.8207,-118.4064,2021-06-15
46.8207,-118.4012,2021-06-15
46.8207,-118.396,2021-06-15
46.8207,-118.3908,2021-06-15
46.8207,-118.3856,2021-06-15
46.8207,-118.3804,2021-06-15
46.8207,-118.3752,2021-06-15
46.8216,-118.5,2021-06-15
46.8216,-118.4948,2021-06-15
46.8216,-118.4896,2021-06-15
46.8216,-118.4844,2021-06-15
46.8216,-118.4792,2021-06-15
46.8216,-118.474,2021-06-15
46.8216,-118.4688,2021-06-15
46.8216,-118.4636,2021-06-15
46.8216,-118.4584,2021-06-15
46.8216,-118.4532,2021-06-15
46.8216,-118.448,2021-06-15
46.8216,-118.4428,2021-06-15
46.8216,-118.4376,2021-06-15
46.8216,-118.4324,2021-06-15
46.8216,-118.4272,2021-06-15
46.8216,-118.422,2021-06-15
46.8216,-118.4168,2021-06-15
46.8216,-118.4116,2021-06-15
46.8216,-118.4064,2021-06-15
46.8216,-118.4012,2021-06-15
46.8216,-118.396,2021-06-15
46.8216,-118.3908,2021-06-15
46.8216,-118.3856,2021-06-15
46.8216,-118.3804,2021-06-15
46.8216,-118.3752,2021-06-15
46.8225,-118.5,2021-06-15
46.8225,-118.4948,2021-06-15
46.8225,-118.4896,2021-06-15
46.8225,-118.4844,2021-06-15
46.8225,-118.4792,2021-06-15
46.8225,-118.474,2021-06-15
46.8225,-118.4688,2021-06-15
46.8225,-118.4636,2021-06-15
46.8225,-118.4584,2021-06-15
46.8225,-118.4532,2021-06-15
46.8225,-118.448,2021-06-15
46.8225,-118.4428,2021-06-15
46.8225,-118.4376,2021-06-15
46.8225,-118.4324,2021-06-15
46.8225,-118.4272,2021-06-15
46.8225,-118.422,2021-06-15
46.8225,-118.4168,2021-06-15
46.8225,-118.4116,2021-06-15
46.8225,-118.4064,2021-06-15
46.8225,-118.4012,2021-06-15
46.8225,-118.396,2021-06-15
46.8225,-118.3908,2021-06-15
46.8225,-118.3856,2021-06-15
46.8225,-118.3804,2021-06-15
46.8225,-118.3752,2021-06-15
46.8234,-118.5,2021-06-15
46.8234,-118.4948,2021-06-15
46.8234,-118.4896,2021-06-15
46.8234,-118.4844,2021-06-15
46.8234,-118.4792,2021-06-15
46.8234,-118.474,2021-06-15
46.8234,-118.4688,2021-06-15
46.8234,-118.4636,2021-06-15
46.8234,-118.4584,2021-06-15
46.8234,-118.4532,2021-06-15
46.8234,-118.448,2021-06-15
46.8234,-118.4428,2021-06-15
46.8234,-118.4376,2021-06-15
46.8234,-118.4324,2021-06-15
46.8234,-118.4272,2021-06-15
46.8234,-118.422,2021-06-15
46.8234,-118.4168,2021-06-15
46.8234,-118.4116,2021-06-15
46.8234,-118.4064,2021-06-15
46.8234,-118.4012,2021-06-15
46.8234,-118.396,2021-06-15
46.8234,-118.3908,2021-06-15
46.8234,-118.3856,2021-06-15
46.8234,-118.3804,2021-06-15
46.8234,-118.3752,2021-06-15
46.8243,-118.5,2021-06-15
46.8243,-118.4948,2021-06-15
46.8243,-118.4896,2021-06-15
46.8243,-118.4844,2021-06-15
46.8243,-118.4792,2021-06-15
46.8243,-118.474,2021-06-15
46.8243,-118.4688,2021-06-15
46.8243,-118.4636,2021-06-15
46.8243,-118.4584,2021-06-15
46.8243,-118.4532,2021-06-15
46.8243,-118.448,2021-06-15
46.8243,-118.4428,2021-06-15
46.8243,-118.4376,2021-06-15
46.8243,-118.4324,2021-06-15
46.8243,-118.4272,2021-06-15
46.8243,-118.422,2021-06-15
46.8243,-118.4168,2021-06-15
46.8243,-118.4116,2021-06-15
46.8243,-118.4064,2021-06-15
46.8243,-118.4012,2021-06-15
46.8243,-118.396,2021-06-15
46.8243,-118.3908,2021-06-15
46.8243,-118.3856,2021-06-15
46.8243,-118.3804,2021-06-15
46.8243,-118.3752,2021-06-15
46.8252,-118.5,2021-06-15
46.8252,-118.4948,2021-06-15
46.8252,-118.4896,2021-06-15
46.8252,-118.4844,2021-06-15
46.8252,-118.4792,2021-06-15
46.8252,-118.474,2021-06-15
46.8252,-118.4688,2021-06-15
46.8252,-118.4636,2021-06-15
46.8252,-118.4584,2021-06-15
46.8252,-118.4532,2021-06-15
46.8252,-118.448,2021-06-15
46.8252,-118.4428,2021-06-15
46.8252,-118.4376,2021-06-15
46.8252,-118.4324,2021-06-15
46.8252,-118.4272,2021-06-15
46.8252,-118.422,2021-06-15
46.8252,-118.4168,2021-06-15
46.8252,-118.4116,2021-06-15
46.8252,-118.4064,2021-06-15
46.8252,-118.4012,2021-06-15
46.8252,-118.396,2021-06-15
46.8252,-118.3908,2021-06-15
46.8252,-118.3856,2021-06-15
46.8252,-118.3804,2021-06-15
46.8252,-118.3752,2021-06-15
46.8261,-118.5,2021-06-15
46.8261,-118.4948,2021-06-15
46.8261,-118.4896,2021-06-15
46.8261,-118.4844,2021-06-15
46.8261,-118.4792,2021-06-15
46.8261,-118.474,2021-06-15
46.8261,-118.4688,2021-06-15
46.8261,-118.4636,2021-06-15
46.8261,-118.4584,2021-06-15
46.8261,-118.4532,2021-06-15
46.8261,-118.448,2021-06-15
46.8261,-118.4428,2021-06-15
46.8261,-118.4376,2021-06-15
46.8261,-118.4324,2021-06-15
46.8261,-118.4272,2021-06-15
46.8261,-118.422,2021-06-15
46.8261,-118.4168,2021-06-15
46.8261,-118.4116,2021-06-15
46.8261,-118.4064,2021-06-15
46.8261,-118.4012,2021-06-15
46.8261,-118.396,2021-06-15
46.8261,-118.3908,2021-06-15
46.8261,-118.3856,2021-06-15
46.8261,-118.3804,2021-06-15
46.8261,-118.3752,2021-06-15
46.827,-118.5,2021-06-15
46.827,-118.4948,2021-06-15
46.827,-118.4896,2021-06-15
46.827,-118.4844,2021-06-15
46.827,-118.4792,2021-06-15
46.827,-118.474,2021-06-15
46.827,-118.4688,2021-06-15
46.827,-118.4636,2021-06-15
46.827,-118.4584,2021-06-15
46.827,-118.4532,2021-06-15
46.827,-118.448,2021-06-15
46.827,-118.4428,2021-06-15
46.827,-118.4376,2021-06-15
46.827,-118.4324,2021-06-15
46.827,-118.4272,2021-06-15
46.827,-118.422,2021-06-15
46.827,-118.4168,2021-06-15
46.827,-118.4116,2021-06-15
46.827,-118.4064,2021-06-15
46.827,-118.4012,2021-06-15
46.827,-118.396,2021-06-15
46.827,-118.3908,2021-06-15
46.827,-118.3856,2021-06-15
46.827,-118.3804,2021-06-15
46.827,-118.3752,2021-06-15
46.8279,-118.5,2021-06-15
46.8279,-118.4948,2021-06-15
46.8279,-118.4896,2021-06-15
46.8279,-118.4844,2021-06-15
46.8279,-118.4792,2021-06-15
46.8279,-118.474,2021-06-15
46.8279,-118.4688,2021-06-15
46.8279,-118.4636,2021-06-15
46.8279,-118.4584,2021-06-15
46.8279,-118.4532,2021-06-15
46.8279,-118.448,2021-06-15
46.8279,-118.4428,2021-06-15
46.8279,-118.4376,2021-06-15
46.8279,-118.4324,2021-06-15
46.8279,-118.4272,2021-06-15
46.8279,-118.422,2021-06-15
46.8279,-118.4168,2021-06-15
46.8279,-118.4116,2021-06-15
46.8279,-118.4064,2021-06-15
46.8279,-118.4012,2021-06-15
46.8279,-118.396,2021-06-15
46.8279,-118.3908,2021-06-15
46.8279,-118.3856,2021-06-15
46.8279,-118.3804,2021-06-15
46.8279,-118.3752,2021-06-15
46.8288,-118.5,2021-06-15
46.8288,-118.4948,2021-06-15
46.8288,-118.4896,2021-06-15
46.8288,-118.4844,2021-06-15
46.8288,-118.4792,2021-06-15
46.8288,-118.474,2021-06-15
46.8288,-118.4688,2021-06-15
46.8288,-118.4636,2021-06-15
46.8288,-118.4584,2021-06-15
46.8288,-118.4532,2021-06-15
46.8288,-118.448,2021-06-15
46.8288,-118.4428,2021-06-15
46.8288,-118.4376,2021-06-15
46.8288,-118.4324,2021-06-15
46.8288,-118.4272,2021-06-15
46.8288,-118.422,2021-06-15
46.8288,-118.4168,2021-06-15
46.8288,-118.4116,2021-06-15
46.8288,-118.4064,2021-06-15
46.8288,-118.4012,2021-06-15
46.8288,-118.396,2021-06-15
46.8288,-118.3908,2021-06-15
46.8288,-118.3856,2021-06-15
46.8288,-118.3804,2021-06-15
46.8288,-118.3752,2021-06-15
46.8297,-118.5,2021-06-15
46.8297,-118.4948,2021-06-15
46.8297,-118.4896,2021-06-15
46.8297,-118.4844,2021-06-15
46.8297,-118.4792,2021-06-15
46.8297,-118.474,2021-06-15
46.8297,-118.4688,2021-06-15
46.8297,-118.4636,2021-06-15
46.8297,-118.4584,2021-06-15
46.8297,-118.4532,2021-06-15
46.8297,-118.448,2021-06-15
46.8297,-118.4428,2021-06-15
46.8297,-118.4376,2021-06-15
46.8297,-118.4324,2021-06-15
46.8297,-118.4272,2021-06-15
46.8297,-118.422,2021-06-15
46.8297,-118.4168,2021-06-15
46.8297,-118.4116,2021-06-15
46.8297,-118.4064,2021-06-15
46.8297,-118.4012,2021-06-15
46.8297,-118.396,2021-06-15
46.8297,-118.3908,2021-06-15
46.8297,-118.3856,2021-06-15
46.8297,-118.3804,2021-06-15
46.8297,-118.3752,2021-06-15
46.8306,-118.5,2021-06-15
46.8306,-118.4948,2021-06-15
46.8306,-118.4896,2021-06-15
46.8306,-118.4844,2021-06-15
46.8306,-118.4792,2021-06-15
46.8306,-118.474,2021-06-15
46.8306,-118.4688,2021-06-15
46.8306,-118.4636,2021-06-15
46.8306,-118.4584,2021-06-15
46.8306,-118.4532,2021-06-15
46.8306,-118.448,2021-06-15
46.8306,-118.4428,2021-06-15
46.8306,-118.4376,2021-06-15
46.8306,-118.4324,2021-06-15
46.8306,-118.4272,2021-06-15
46.8306,-118.422,2021-06-15
46.8306,-118.4168,2021-06-15
46.8306,-118.4116,2021-06-15
46.8306,-118.4064,2021-06-15
46.8306,-118.4012,2021-06-15
46.8306,-118.396,2021-06-15
46.8306,-118.3908,2021-06-15
46.8306,-118.3856,2021-06-15
46.8306,-118.3804,2021-06-15
46.8306,-118.3752,2021-06-15
46.8315,-118.5,2021-06-15
46.8315,-118.4948,2021-06-15
46.8315,-118.4896,2021-06-15
46.8315,-118.4844,2021-06-15
46.8315,-118.4792,2021-06-15
46.8315,-118.474,2021-06-15
46.8315,-118.4688,2021-06-15
46.8315,-118.4636,2021-06-15
46.8315,-118.4584,2021-06-15
46.8315,-118.4532,2021-06-15
46.8315,-118.448,2021-06-15
46.8315,-118.4428,2021-06-15
46.8315,-118.4376,2021-06-15
46.8315,-118.4324,2021-06-15
46.8315,-118.4272,2021-06-15
46.8315,-118.422,2021-06-15
46.8315,-118.4168,2021-06-15
46.8315,-118.4116,2021-06-15
46.8315,-118.4064,2021-06-15
46.8315,-118.4012,2021-06-15
46.8315,-118.396,2021-06-15
46.8315,-118.3908,2021-06-15
46.8315,-118.3856,2021-06-15
46.8315,-118.3804,2021-06-15
46.8315,-118.3752,2021-06-15
46.8324,-118.5,2021-06-15
46.8324,-118.4948,2021-06-15
46.8324,-118.4896,2021-06-15
46.8324,-118.4844,2021-06-15
46.8324,-118.4792,2021-06-15
46.8324,-118.474,2021-06-15
46.8324,-118.4688,2021-06-15
46.8324,-118.4636,2021-06-15
46.8324,-118.4584,2021-06-15
46.8324,-118.4532,2021-06-15
46.8324,-118.448,2021-06-15
46.8324,-118.4428,2021-06-15
46.8324,-118.4376,2021-06-15
46.8324,-118.4324,2021-06-15
46.8324,-118.4272,2021-06-15
46.8324,-118.422,2021-06-15
46.8324,-118.4168,2021-06-15
46.8324,-118.4116,2021-06-15
46.8324,-118.4064,2021-06-15
46.8324,-118.4012,2021-06-15
46.8324,-118.396,2021-06-15
46.8324,-118.3908,2021-06-15
46.8324,-118.3856,2021-06-15
46.8324,-118.3804,2021-06-15
46.8324,-118.3752,2021-06-15
46.8333,-118.5,2021-06-15
46.8333,-118.4948,2021-06-15
46.8333,-118.4896,2021-06-15
46.8333,-118.4844,2021-06-15
46.8333,-118.4792,2021-06-15
46.8333,-118.474,2021-06-15
46.8333,-118.4688,2021-06-15
46.8333,-118.4636,2021-06-15
46.8333,-118.4584,2021-06-15
46.8333,-118.4532,2021-06-15
46.8333,-118.448,2021-06-15
46.8333,-118.4428,2021-06-15
46.8333,-118.4376,2021-06-15
46.8333,-118.4324,2021-06-15
46.8333,-118.4272,2021-06-15
46.8333,-118.422,2021-06-15
46.8333,-118.4168,2021-06-15
46.8333,-118.4116,2021-06-15
46.8333,-118.4064,2021-06-15
46.8333,-118.4012,2021-06-15
46.8333,-118.396,2021-06-15
46.8333,-118.3908,2021-06-15
46.8333,-118.3856,2021-06-15
46.8333,-118.3804,2021-06-15
46.8333,-118.3752,2021-06-15
46.8342,-118.5,2021-06-15
46.8342,-118.4948,2021-06-15
46.8342,-118.4896,2021-06-15
46.8342,-118.4844,2021-06-15
46.8342,-118.4792,2021-06-15
46.8342,-118.474,2021-06-15
46.8342,-118.4688,2021-06-15
46.8342,-118.4636,2021-06-15
46.8342,-118.4584,2021-06-15
46.8342,-118.4532,2021-06-15
46.8342,-118.448,2021-06-15
46.8342,-118.4428,2021-06-15
46.8342,-118.4376,2021-06-15
46.8342,-118.4324,2021-06-15
46.8342,-118.4272,2021-06-15
46.8342,-118.422,2021-06-15
46.8342,-118.4168,2021-06-15
46.8342,-118.4116,2021-06-15
46.8342,-118.4064,2021-06-15
46.8342,-118.4012,2021-06-15
46.8342,-118.396,2021-06-15
46.8342,-118.3908,2021-06-15
46.8342,-118.3856,2021-06-15
46.8342,-118.3804,2021-06-15
46.8342,-118.3752,2021-06-15
46.8351,-118.5,2021-06-15
46.8351,-118.4948,2021-06-15
46.8351,-118.4896,2021-06-15
46.8351,-118.4844,2021-06-15
46.8351,-118.4792,2021-06-15
46.8351,-118.474,2021-06-15
46.8351,-118.4688,2021-06-15
46.8351,-118.4636,2021-06-15
46.8351,-118.4584,2021-06-15
46.8351,-118.4532,2021-06-15
46.8351,-118.448,2021-06-15
46.8351,-118.4428,2021-06-15
46.8351,-118.4376,2021-06-15
46.8351,-118.4324,2021-06-15
46.8351,-118.4272,2021-06-15
46.8351,-118.422,2021-06-15
46.8351,-118.4168,2021-06-15
46.8351,-118.4116,2021-06-15
46.8351,-118.4064,2021-06-15
46.8351,-118.4012,2021-06-15
46.8351,-118.396,2021-06-15
46.8351,-118.3908,2021-06-15
46.8351,-118.3856,2021-06-15
46.8351,-118.3804,2021-06-15
46.8351,-118.3752,2021-06-15
46.836,-118.5,2021-06-15
46.836,-118.4948,2021-06-15
46.836,-118.4896,2021-06-15
46.836,-118.4844,2021-06-15
46.836,-118.4792,2021-06-15
46.836,-118.474,2021-06-15
46.836,-118.4688,2021-06-15
46.836,-118.4636,2021-06-15
46.836,-118.4584,2021-06-15
46.836,-118.4532,2021-06-15
46.836,-118.448,2021-06-15
46.836,-118.4428,2021-06-15
46.836,-118.4376,2021-06-15
46.836,-118.4324,2021-06-15
46.836,-118.4272,2021-06-15
46.836,-118.422,2021-06-15
46.836,-118.4168,2021-06-15
46.836,-118.4116,2021-06-15
46.836,-118.4064,2021-06-15
46.836,-118.4012,2021-06-15
46.836,-118.396,2021-06-15
46.836,-118.3908,2021-06-15
46.836,-118.3856,2021-06-15
46.836,-118.3804,2021-06-15
46.836,-118.3752,2021-06-15
46.8369,-118.5,2021-06-15
46.8369,-118.4948,2021-06-15
46.8369,-118.4896,2021-06-15
46.8369,-118.4844,2021-06-15
46.8369,-118.4792,2021-06-15
46.8369,-118.474,2021-06-15
46.8369,-118.4688,2021-06-15
46.8369,-118.4636,2021-06-15
46.8369,-118.4584,2021-06-15
46.8369,-118.4532,2021-06-15
46.8369,-118.448,2021-06-15
46.8369,-118.4428,2021-06-15
46.8369,-118.4376,2021-06-15
46.8369,-118.4324,2021-06-15
46.8369,-118.4272,2021-06-15
46.8369,-118.422,2021-06-15
46.8369,-118.4168,2021-06-15
46.8369,-118.4116,2021-06-15
46.8369,-118.4064,2021-06-15
46.8369,-118.4012,2021-06-15
46.8369,-118.396,2021-06-15
46.8369,-118.3908,2021-06-15
46.8369,-118.3856,2021-06-15
46.8369,-118.3804,2021-06-15
46.8369,-118.3752,2021-06-15
46.8378,-118.5,2021-06-15
46.8378,-118.4948,2021-06-15
46.8378,-118.4896,2021-06-15
46.8378,-118.4844,2021-06-15
46.8378,-118.4792,2021-06-15
46.8378,-118.474,2021-06-15
46.8378,-118.4688,2021-06-15
46.8378,-118.4636,2021-06-15
46.8378,-118.4584,2021-06-15
46.8378,-118.4532,2021-06-15
46.8378,-118.448,2021-06-15
46.8378,-118.4428,2021-06-15
46.8378,-118.4376,2021-06-15
46.8378,-118.4324,2021-06-15
46.8378,-118.4272,2021-06-15
46.8378,-118.422,2021-06-15
46.8378,-118.4168,2021-06-15
46.8378,-118.4116,2021-06-15
46.8378,-118.4064,2021-06-15
46.8378,-118.4012,2021-06-15
46.8378,-118.396,2021-06-15
46.8378,-118.3908,2021-06-15
46.8378,-118.3856,2021-06-15
46.8378,-118.3804,2021-06-15
46.8378,-118.3752,2021-06-15
46.8387,-118.5,2021-06-15
46.8387,-118.4948,2021-06-15
46.8387,-118.4896,2021-06-15
46.8387,-118.4844,2021-06-15
46.8387,-118.4792,2021-06-15
46.8387,-118.474,2021-06-15
46.8387,-118.4688,2021-06-15
46.8387,-118.4636,2021-06-15
46.8387,-118.4584,2021-06-15
46.8387,-118.4532,2021-06-15
46.8387,-118.448,2021-06-15
46.8387,-118.4428,2021-06-15
46.8387,-118.4376,2021-06-15
46.8387,-118.4324,2021-06-15
46.8387,-118.4272,2021-06-15
46.8387,-118.422,2021-06-15
46.8387,-118.4168,2021-06-15
46.8387,-118.4116,2021-06-15
46.8387,-118.4064,2021-06-15
46.8387,-118.4012,2021-06-15
46.8387,-118.396,2021-06-15
46.8387,-118.3908,2021-06-15
46.8387,-118.3856,2021-06-15
46.8387,-118.3804,2021-06-15
46.8387,-118.3752,2021-06-15
46.8396,-118.5,2021-06-15
46.8396,-118.4948,2021-06-15
46.8396,-118.4896,2021-06-15
46.8396,-118.4844,2021-06-15
46.8396,-118.4792,2021-06-15
46.8396,-118.474,2021-06-15
46.8396,-118.4688,2021-06-15
46.8396,-118.4636,2021-06-15
46.8396,-118.4584,2021-06-15
46.8396,-118.4532,2021-06-15
46.8396,-118.448,2021-06-15
46.8396,-118.4428,2021-06-15
46.8396,-118.4376,2021-06-15
46.8396,-118.4324,2021-06-15
46.8396,-118.4272,2021-06-15
46.8396,-118.422,2021-06-15
46.8396,-118.4168,2021-06-15
46.8396,-118.4116,2021-06-15
46.8396,-118.4064,2021-06-15
46.8396,-118.4012,2021-06-15
46.8396,-118.396,2021-06-15
46.8396,-118.3908,2021-06-15
46.8396,-118.3856,2021-06-15
46.8396,-118.3804,2021-06-15
46.8396,-118.3752,2021-06-15
46.8405,-118.5,2021-06-15
46.8405,-118.4948,2021-06-15
46.8405,-118.4896,2021-06-15
46.8405,-118.4844,2021-06-15
46.8405,-118.4792,2021-06-15
46.8405,-118.474,2021-06-15
46.8405,-118.4688,2021-06-15
46.8405,-118.4636,2021-06-15
46.8405,-118.4584,2021-06-15
46.8405,-118.4532,2021-06-15
46.8405,-118.448,2021-06-15
46.8405,-118.4428,2021-06-15
46.8405,-118.4376,2021-06-15
46.8405,-118.4324,2021-06-15
46.8405,-118.4272,2021-06-15
46.8405,-118.422,2021-06-15
46.8405,-118.4168,2021-06-15
46.8405,-118.4116,2021-06-15
46.8405,-118.4064,2021-06-15
46.8405,-118.4012,2021-06-15
46.8405,-118.396,2021-06-15
46.8405,-118.3908,2021-06-15
46.8405,-118.3856,2021-06-15
46.8405,-118.3804,2021-06-15
46.8405,-118.3752,2021-06-15
46.8414,-118.5,2021-06-15
46.8414,-118.4948,2021-06-15
46.8414,-118.4896,2021-06-15
46.8414,-118.4844,2021-06-15
46.8414,-118.4792,2021-06-15
46.8414,-118.474,2021-06-15
46.8414,-118.4688,2021-06-15
46.8414,-118.4636,2021-06-15
46.8414,-118.4584,2021-06-15
46.8414,-118.4532,2021-06-15
46.8414,-118.448,2021-06-15
46.8414,-118.4428,2021-06-15
46.8414,-118.4376,2021-06-15
46.8414,-118.4324,2021-06-15
46.8414,-118.4272,2021-06-15
46.8414,-118.422,2021-06-15
46.8414,-118.4168,2021-06-15
46.8414,-118.4116,2021-06-15
46.8414,-118.4064,2021-06-15
46.8414,-118.4012,2021-06-15
46.8414,-118.396,2021-06-15
46.8414,-118.3908,2021-06-15
46.8414,-118.3856,2021-06-15
46.8414,-118.3804,2021-06-15
46.8414,-118.3752,2021-06-15
46.8423,-118.5,2021-06-15
46.8423,-118.4948,2021-06-15
46.8423,-118.4896,2021-06-15
46.8423,-118.4844,2021-06-15
46.8423,-118.4792,2021-06-15
46.8423,-118.474,2021-06-15
46.8423,-118.4688,2021-06-15
46.8423,-118.4636,2021-06-15
46.8423,-118.4584,2021-06-15
46.8423,-118.4532,2021-06-15
46.8423,-118.448,2021-06-15
46.8423,-118.4428,2021-06-15
46.8423,-118.4376,2021-06-15
46.8423,-118.4324,2021-06-15
46.8423,-118.4272,2021-06-15
46.8423,-118.422,2021-06-15
46.8423,-118.4168,2021-06-15
46.8423,-118.4116,2021-06-15
46.8423,-118.4064,2021-06-15
46.8423,-118.4012,2021-06-15
46.8423,-118.396,2021-06-15
46.8423,-118.3908,2021-06-15
46.8423,-118.3856,2021-06-15
46.8423,-118.3804,2021-06-15
46.8423,-118.3752,2021-06-15
46.8432,-118.5,2021-06-15
46.8432,-118.4948,2021-06-15
46.8432,-118.4896,2021-06-15
46.8432,-118.4844,2021-06-15
46.8432,-118.4792,2021-06-15
46.8432,-118.474,2021-06-15
46.8432,-118.4688,2021-06-15
46.8432,-118.4636,2021-06-15
46.8432,-118.4584,2021-06-15
46.8432,-118.4532,2021-06-15
46.8432,-118.448,2021-06-15
46.8432,-118.4428,2021-06-15
46.8432,-118.4376,2021-06-15
46.8432,-118.4324,2021-06-15
46.8432,-118.4272,2021-06-15
46.8432,-118.422,2021-06-15
46.8432,-118.4168,2021-06-15
46.8432,-118.4116,2021-06-15
46.8432,-118.4064,2021-06-15
46.8432,-118.4012,2021-06-15
46.8432,-118.396,2021-06-15
46.8432,-118.3908,2021-06-15
46.8432,-118.3856,2021-06-15
46.8432,-118.3804,2021-06-15
46.8432,-118.3752,2021-06-15
46.8441,-118.5,2021-06-15
46.8441,-118.4948,2021-06-15
46.8441,-118.4896,2021-06-15
46.8441,-118.4844,2021-06-15
46.8441,-118.4792,2021-06-15
46.8441,-118.474,2021-06-15
46.8441,-118.4688,2021-06-15
46.8441,-118.4636,2021-06-15
46.8441,-118.4584,2021-06-15
46.8441,-118.4532,2021-06-15
46.8441,-118.448,2021-06-15
46.8441,-118.4428,2021-06-15
46.8441,-118.4376,2021-06-15
46.8441,-118.4324,2021-06-15
46.8441,-118.4272,2021-06-15
46.8441,-118.422,2021-06-15
46.8441,-118.4168,2021-06-15
46.8441,-118.4116,2021-06-15
46.8441,-118.4064,2021-06-15
46.8441,-118.4012,2021-06-15
46.8441,-118.396,2021-06-15
46.8441,-118.3908,2021-06-15
46.8441,-118.3856,2021-06-15
46.8441,-118.3804,2021-06-15
46.8441,-118.3752,2021-06-15
46.845,-118.5,2021-06-15
46.845,-118.4948,2021-06-15
46.845,-118.4896,2021-06-15
46.845,-118.4844,2021-06-15
46.845,-118.4792,2021-06-15
46.845,-118.474,2021-06-15
46.845,-118.4688,2021-06-15
46.845,-118.4636,2021-06-15
46.845,-118.4584,2021-06-15
46.845,-118.4532,2021-06-15
46.845,-118.448,2021-06-15
46.845,-118.4428,2021-06-15
46.845,-118.4376,2021-06-15
46.845,-118.4324,2021-06-15
46.845,-118.4272,2021-06-15
46.845,-118.422,2021-06-15
46.845,-118.4168,2021-06-15
46.845,-118.4116,2021-06-15
46.845,-118.4064,2021-06-15
46.845,-118.4012,2021-06-15
46.845,-118.396,2021-06-15
46.845,-118.3908,2021-06-15
46.845,-118.3856,2021-06-15
46.845,-118.3804,2021-06-15
46.845,-118.3752,2021-06-15
46.8459,-118.5,2021-06-15
46.8459,-118.4948,2021-06-15
46.8459,-118.4896,2021-06-15
46.8459,-118.4844,2021-06-15
46.8459,-118.4792,2021-06-15
46.8459,-118.474,2021-06-15
46.8459,-118.4688,2021-06-15
46.8459,-118.4636,2021-06-15
46.8459,-118.4584,2021-06-15
46.8459,-118.4532,2021-06-15
46.8459,-118.448,2021-06-15
46.8459,-118.4428,2021-06-15
46.8459,-118.4376,2021-06-15
46.8459,-118.4324,2021-06-15
46.8459,-118.4272,2021-06-15
46.8459,-118.422,2021-06-15
46.8459,-118.4168,2021-06-15
46.8459,-118.4116,2021-06-15
46.8459,-118.4064,2021-06-15
46.8459,-118.4012,2021-06-15
46.8459,-118.396,2021-06-15
46.8459,-118.3908,2021-06-15
46.8459,-118.3856,2021-06-15
46.8459,-118.3804,2021-06-15
46.8459,-118.3752,2021-06-15
46.8468,-118.5,2021-06-15
46.8468,-118.4948,2021-06-15
46.8468,-118.4896,2021-06-15
46.8468,-118.4844,2021-06-15
46.8468,-118.4792,2021-06-15
46.8468,-118.474,2021-06-15
46.8468,-118.4688,2021-06-15
46.8468,-118.4636,2021-06-15
46.8468,-118.4584,2021-06-15
46.8468,-118.4532,2021-06-15
46.8468,-118.448,2021-06-15
46.8468,-118.4428,2021-06-15
46.8468,-118.4376,2021-06-15
46.8468,-118.4324,2021-06-15
46.8468,-118.4272,2021-06-15
46.8468,-118.422,2021-06-15
46.8468,-118.4168,2021-06-15
46.8468,-118.4116,2021-06-15
46.8468,-118.4064,2021-06-15
46.8468,-118.4012,2021-06-15
46.8468,-118.396,2021-06-15
46.8468,-118.3908,2021-06-15
46.8468,-118.3856,2021-06-15
46.8468,-118.3804,2021-06-15
46.8468,-118.3752,2021-06-15
46.8477,-118.5,2021-06-15
46.8477,-118.4948,2021-06-15
46.8477,-118.4896,2021-06-15
46.8477,-118.4844,2021-06-15
46.8477,-118.4792,2021-06-15
46.8477,-118.474,2021-06-15
46.8477,-118.4688,2021-06-15
46.8477,-118.4636,2021-06-15
46.8477,-118.4584,2021-06-15
46.8477,-118.4532,2021-06-15
46.8477,-118.448,2021-06-15
46.8477,-118.4428,2021-06-15
46.8477,-118.4376,2021-06-15
46.8477,-118.4324,2021-06-15
46.8477,-118.4272,2021-06-15
46.8477,-118.422,2021-06-15
46.8477,-118.4168,2021-06-15
46.8477,-118.4116,2021-06-15
46.8477,-118.4064,2021-06-15
46.8477,-118.4012,2021-06-15
46.8477,-118.396,2021-06-15
46.8477,-118.3908,2021-06-15
46.8477,-118.3856,2021-06-15
46.8477,-118.3804,2021-06-15
46.8477,-118.3752,2021-06-15
46.8486,-118.5,2021-06-15
46.8486,-118.4948,2021-06-15
46.8486,-118.4896,2021-06-15
46.8486,-118.4844,2021-06-15
46.8486,-118.4792,2021-06-15
46.8486,-118.474,2021-06-15
46.8486,-118.4688,2021-06-15
46.8486,-118.4636,2021-06-15
46.8486,-118.4584,2021-06-15
46.8486,-118.4532,2021-06-15
46.8486,-118.448,2021-06-15
46.8486,-118.4428,2021-06-15
46.8486,-118.4376,2021-06-15
46.8486,-118.4324,2021-06-15
46.8486,-118.4272,2021-06-15
46.8486,-118.422,2021-06-15
46.8486,-118.4168,2021-06-15
46.8486,-118.4116,2021-06-15
46.8486,-118.4064,2021-06-15
46.8486,-118.4012,2021-06-15
46.8486,-118.396,2021-06-15
46.8486,-118.3908,2021-06-15
46.8486,-118.3856,2021-06-15
46.8486,-118.3804,2021-06-15
46.8486,-118.3752,2021-06-15
46.8495,-118.5,2021-06-15
46.8495,-118.4948,2021-06-15
46.8495,-118.4896,2021-06-15
46.8495,-118.4844,2021-06-15
46.8495,-118.4792,2021-06-15
46.8495,-118.474,2021-06-15
46.8495,-118.4688,2021-06-15
46.8495,-118.4636,2021-06-15
46.8495,-118.4584,2021-06-15
46.8495,-118.4532,2021-06-15
46.8495,-118.448,2021-06-15
46.8495,-118.4428,2021-06-15
46.8495,-118.4376,2021-06-15
46.8495,-118.4324,2021-06-15
46.8495,-118.4272,2021-06-15
46.8495,-118.422,2021-06-15
46.8495,-118.4168,2021-06-15
46.8495,-118.4116,2021-06-15
46.8495,-118.4064,2021-06-15
46.8495,-118.4012,2021-06-15
46.8495,-118.396,2021-06-15
46.8495,-118.3908,2021-06-15
46.8495,-118.3856,2021-06-15
46.8495,-118.3804,2021-06-15
46.8495,-118.3752,2021-06-15
46.8504,-118.5,2021-06-15
46.8504,-118.4948,2021-06-15
46.8504,-118.4896,2021-06-15
46.8504,-118.4844,2021-06-15
46.8504,-118.4792,2021-06-15
46.8504,-118.474,2021-06-15
46.8504,-118.4688,2021-06-15
46.8504,-118.4636,2021-06-15
46.8504,-118.4584,2021-06-15
46.8504,-118.4532,2021-06-15
46.8504,-118.448,2021-06-15
46.8504,-118.4428,2021-06-15
46.8504,-118.4376,2021-06-15
46.8504,-118.4324,2021-06-15
46.8504,-118.4272,2021-06-15
46.8504,-118.422,2021-06-15
46.8504,-118.4168,2021-06-15
46.8504,-118.4116,2021-06-15
46.8504,-118.4064,2021-06-15
46.8504,-118.4012,2021-06-15
46.8504,-118.396,2021-06-15
46.8504,-118.3908,2021-06-15
46.8504,-118.3856,2021-06-15
46.8504,-118.3804,2021-06-15
46.8504,-118.3752,2021-06-15
46.8513,-118.5,2021-06-15
46.8513,-118.4948,2021-06-15
46.8513,-118.4896,2021-06-15
46.8513,-118.4844,2021-06-15
46.8513,-118.4792,2021-06-15
46.8513,-118.474,2021-06-15
46.8513,-118.4688,2021-06-15
46.8513,-118.4636,2021-06-15
46.8513,-118.4584,2021-06-15
46.8513,-118.4532,2021-06-15
46.8513,-118.448,2021-06-15
46.8513,-118.4428,2021-06-15
46.8513,-118.4376,2021-06-15
46.8513,-118.4324,2021-06-15
46.8513,-118.4272,2021-06-15
46.8513,-118.422,2021-06-15
46.8513,-118.4168,2021-06-15
46.8513,-118.4116,2021-06-15
46.8513,-118.4064,2021-06-15
46.8513,-118.4012,2021-06-15
46.8513,-118.396,2021-06-15
46.8513,-118.3908,2021-06-15
46.8513,-118.3856,2021-06-15
46.8513,-118.3804,2021-06-15
46.8513,-118.3752,2021-06-15
46.8522,-118.5,2021-06-15
46.8522,-118.4948,2021-06-15
46.8522,-118.4896,2021-06-15
46.8522,-118.4844,2021-06-15
46.8522,-118.4792,2021-06-15
46.8522,-118.474,2021-06-15
46.8522,-118.4688,2021-06-15
46.8522,-118.4636,2021-06-15
46.8522,-118.4584,2021-06-15
46.8522,-118.4532,2021-06-15
46.8522,-118.448,2021-06-15
46.8522,-118.4428,2021-06-15
46.8522,-118.4376,2021-06-15
46.8522,-118.4324,2021-06-15
46.8522,-118.4272,2021-06-15
46.8522,-118.422,2021-06-15
46.8522,-118.4168,2021-06-15
46.8522,-118.4116,2021-06-15
46.8522,-118.4064,2021-06-15
46.8522,-118.4012,2021-06-15
46.8522,-118.396,2021-06-15
46.8522,-118.3908,2021-06-15
46.8522,-118.3856,2021-06-15
46.8522,-118.3804,2021-06-15
46.8522,-118.3752,2021-06-15
46.8531,-118.5,2021-06-15
46.8531,-118.4948,2021-06-15
46.8531,-118.4896,2021-06-15
46.8531,-118.4844,2021-06-15
46.8531,-118.4792,2021-06-15
46.8531,-118.474,2021-06-15
46.8531,-118.4688,2021-06-15
46.8531,-118.4636,2021-06-15
46.8531,-118.4584,2021-06-15
46.8531,-118.4532,2021-06-15
46.8531,-118.448,2021-06-15
46.8531,-118.4428,2021-06-15
46.8531,-118.4376,2021-06-15
46.8531,-118.4324,2021-06-15
46.8531,-118.4272,2021-06-15
46.8531,-118.422,2021-06-15
46.8531,-118.4168,2021-06-15
46.8531,-118.4116,2021-06-15
46.8531,-118.4064,2021-06-15
46.8531,-118.4012,2021-06-15
46.8531,-118.396,2021-06-15
46.8531,-118.3908,2021-06-15
46.8531,-118.3856,2021-06-15
46.8531,-118.3804,2021-06-15
46.8531,-118.3752,2021-06-15
46.854,-118.5,2021-06-15
46.854,-118.4948,2021-06-15
46.854,-118.4896,2021-06-15
46.854,-118.4844,2021-06-15
46.854,-118.4792,2021-06-15
46.854,-118.474,2021-06-15
46.854,-118.4688,2021-06-15
46.854,-118.4636,2021-06-15
46.854,-118.4584,2021-06-15
46.854,-118.4532,2021-06-15
46.854,-118.448,2021-06-15
46.854,-118.4428,2021-06-15
46.854,-118.4376,2021-06-15
46.854,-118.4324,2021-06-15
46.854,-118.4272,2021-06-15
46.854,-118.422,2021-06-15
46.854,-118.4168,2021-06-15
46.854,-118.4116,2021-06-15
46.854,-118.4064,2021-06-15
46.854,-118.4012,2021-06-15
46.854,-118.396,2021-06-15
46.854,-118.3908,2021-06-15
46.854,-118.3856,2021-06-15
46.854,-118.3804,2021-06-15
46.854,-118.3752,2021-06-15
46.8549,-118.5,2021-06-15
46.8549,-118.4948,2021-06-15
46.8549,-118.4896,2021-06-15
46.8549,-118.4844,2021-06-15
46.8549,-118.4792,2021-06-15
46.8549,-118.474,2021-06-15
46.8549,-118.4688,2021-06-15
46.8549,-118.4636,2021-06-15
46.8549,-118.4584,2021-06-15
46.8549,-118.4532,2021-06-15
46.8549,-118.448,2021-06-15
46.8549,-118.4428,2021-06-15
46.8549,-118.4376,2021-06-15
46.8549,-118.4324,2021-06-15
46.8549,-118.4272,2021-06-15
46.8549,-118.422,2021-06-15
46.8549,-118.4168,2021-06-15
46.8549,-118.4116,2021-06-15
46.8549,-118.4064,2021-06-15
46.8549,-118.4012,2021-06-15
46.8549,-118.396,2021-06-15
46.8549,-118.3908,2021-06-15
46.8549,-118.3856,2021-06-15
46.8549,-118.3804,2021-06-15
46.8549,-118.3752,2021-06-15
46.8558,-118.5,2021-06-15
46.8558,-118.4948,2021-06-15
46.8558,-118.4896,2021-06-15
46.8558,-118.4844,2021-06-15
46.8558,-118.4792,2021-06-15
46.8558,-118.474,2021-06-15
46.8558,-118.4688,2021-06-15
46.8558,-118.4636,2021-06-15
46.8558,-118.4584,2021-06-15
46.8558,-118.4532,2021-06-15
46.8558,-118.448,2021-06-15
46.8558,-118.4428,2021-06-15
46.8558,-118.4376,2021-06-15
46.8558,-118.4324,2021-06-15
46.8558,-118.4272,2021-06-15
46.8558,-118.422,2021-06-15
46.8558,-118.4168,2021-06-15
46.8558,-118.4116,2021-06-15
46.8558,-118.4064,2021-06-15
46.8558,-118.4012,2021-06-15
46.8558,-118.396,2021-06-15
46.8558,-118.3908,2021-06-15
46.8558,-118.3856,2021-06-15
46.8558,-118.3804,2021-06-15
46.8558,-118.3752,2021-06-15
46.8567,-118.5,2021-06-15
46.8567,-118.4948,2021-06-15
46.8567,-118.4896,2021-06-15
46.8567,-118.4844,2021-06-15
46.8567,-118.4792,2021-06-15
46.8567,-118.474,2021-06-15
46.8567,-118.4688,2021-06-15
46.8567,-118.4636,2021-06-15
46.8567,-118.4584,2021-06-15
46.8567,-118.4532,2021-06-15
46.8567,-118.448,2021-06-15
46.8567,-118.4428,2021-06-15
46.8567,-118.4376,2021-06-15
46.8567,-118.4324,2021-06-15
46.8567,-118.4272,2021-06-15
46.8567,-118.422,2021-06-15
46.8567,-118.4168,2021-06-15
46.8567,-118.4116,2021-06-15
46.8567,-118.4064,2021-06-15
46.8567,-118.4012,2021-06-15
46.8567,-118.396,2021-06-15
46.8567,-118.3908,2021-06-15
46.8567,-118.3856,2021-06-15
46.8567,-118.3804,2021-06-15
46.8567,-118.3752,2021-06-15
46.8576,-118.5,2021-06-15
46.8576,-118.4948,2021-06-15
46.8576,-118.4896,2021-06-15
46.8576,-118.4844,2021-06-15
46.8576,-118.4792,2021-06-15
46.8576,-118.474,2021-06-15
46.8576,-118.4688,2021-06-15
46.8576,-118.4636,2021-06-15
46.8576,-118.4584,2021-06-15
46.8576,-118.4532,2021-06-15
46.8576,-118.448,2021-06-15
46.8576,-118.4428,2021-06-15
46.8576,-118.4376,2021-06-15
46.8576,-118.4324,2021-06-15
46.8576,-118.4272,2021-06-15
46.8576,-118.422,2021-06-15
46.8576,-118.4168,2021-06-15
46.8576,-118.4116,2021-06-15
46.8576,-118.4064,2021-06-15
46.8576,-118.4012,2021-06-15
46.8576,-118.396,2021-06-15
46.8576,-118.3908,2021-06-15
46.8576,-118.3856,2021-06-15
46.8576,-118.3804,2021-06-15
46.8576,-118.3752,2021-06-15
46.8585,-118.5,2021-06-15
46.8585,-118.4948,2021-06-15
46.8585,-118.4896,2021-06-15
46.8585,-118.4844,2021-06-15
46.8585,-118.4792,2021-06-15
46.8585,-118.474,2021-06-15
46.8585,-118.4688,2021-06-15
46.8585,-118.4636,2021-06-15
46.8585,-118.4584,2021-06-15
46.8585,-118.4532,2021-06-15
46.8585,-118.448,2021-06-15
46.8585,-118.4428,2021-06-15
46.8585,-118.4376,2021-06-15
46.8585,-118.4324,2021-06-15
46.8585,-118.4272,2021-06-15
46.8585,-118.422,2021-06-15
46.8585,-118.4168,2021-06-15
46.8585,-118.4116,2021-06-15
46.8585,-118.4064,2021-06-15
46.8585,-118.4012,2021-06-15
46.8585,-118.396,2021-06-15
46.8585,-118.3908,2021-06-15
46.8585,-118.3856,2021-06-15
46.8585,-118.3804,2021-06-15
46.8585,-118.3752,2021-06-15
46.8594,-118.5,2021-06-15
46.8594,-118.4948,2021-06-15
46.8594,-118.4896,2021-06-15
46.8594,-118.4844,2021-06-15
46.8594,-118.4792,2021-06-15
46.8594,-118.474,2021-06-15
46.8594,-118.4688,2021-06-15
46.8594,-118.4636,2021-06-15
46.8594,-118.4584,2021-06-15
46.8594,-118.4532,2021-06-15
46.8594,-118.448,2021-06-15
46.8594,-118.4428,2021-06-15
46.8594,-118.4376,2021-06-15
46.8594,-118.4324,2021-06-15
46.8594,-118.4272,2021-06-15
46.8594,-118.422,2021-06-15
46.8594,-118.4168,2021-06-15
46.8594,-118.4116,2021-06-15
46.8594,-118.4064,2021-06-15
46.8594,-118.4012,2021-06-15
46.8594,-118.396,2021-06-15
46.8594,-118.3908,2021-06-15
46.8594,-118.3856,2021-06-15
46.8594,-118.3804,2021-06-15
46.8594,-118.3752,2021-06-15
46.8603,-118.5,2021-06-15
46.8603,-118.4948,2021-06-15
46.8603,-118.4896,2021-06-15
46.8603,-118.4844,2021-06-15
46.8603,-118.4792,2021-06-15
46.8603,-118.474,2021-06-15
46.8603,-118.4688,2021-06-15
46.8603,-118.4636,2021-06-15
46.8603,-118.4584,2021-06-15
46.8603,-118.4532,2021-06-15
46.8603,-118.448,2021-06-15
46.8603,-118.4428,2021-06-15
46.8603,-118.4376,2021-06-15
46.8603,-118.4324,2021-06-15
46.8603,-118.4272,2021-06-15
46.8603,-118.422,2021-06-15
46.8603,-118.4168,2021-06-15
46.8603,-118.4116,2021-06-15
46.8603,-118.4064,2021-06-15
46.8603,-118.4012,2021-06-15
46.8603,-118.396,2021-06-15
46.8603,-118.3908,2021-06-15
46.8603,-118.3856,2021-06-15
46.8603,-118.3804,2021-06-15
46.8603,-118.3752,2021-06-15
46.8612,-118.5,2021-06-15
46.8612,-118.4948,2021-06-15
46.8612,-118.4896,2021-06-15
46.8612,-118.4844,2021-06-15
46.8612,-118.4792,2021-06-15
46.8612,-118.474,2021-06-15
46.8612,-118.4688,2021-06-15
46.8612,-118.4636,2021-06-15
46.8612,-118.4584,2021-06-15
46.8612,-118.4532,2021-06-15
46.8612,-118.448,2021-06-15
46.8612,-118.4428,2021-06-15
46.8612,-118.4376,2021-06-15
46.8612,-118.4324,2021-06-15
46.8612,-118.4272,2021-06-15
46.8612,-118.422,2021-06-15
46.8612,-118.4168,2021-06-15
46.8612,-118.4116,2021-06-15
46.8612,-118.4064,2021-06-15
46.8612,-118.4012,2021-06-15
46.8612,-118.396,2021-06-15
46.8612,-118.3908,2021-06-15
46.8612,-118.3856,2021-06-15
46.8612,-118.3804,2021-06-15
46.8612,-118.3752,2021-06-15
46.8621,-118.5,2021-06-15
46.8621,-118.4948,2021-06-15
46.8621,-118.4896,2021-06-15
46.8621,-118.4844,2021-06-15
46.8621,-118.4792,2021-06-15
46.8621,-118.474,2021-06-15
46.8621,-118.4688,2021-06-15
46.8621,-118.4636,2021-06-15
46.8621,-118.4584,2021-06-15
46.8621,-118.4532,2021-06-15
46.8621,-118.448,2021-06-15
46.8621,-118.4428,2021-06-15
46.8621,-118.4376,2021-06-15
46.8621,-118.4324,2021-06-15
46.8621,-118.4272,2021-06-15
46.8621,-118.422,2021-06-15
46.8621,-118.4168,2021-06-15
46.8621,-118.4116,2021-06-15
46.8621,-118.4064,2021-06-15
46.8621,-118.4012,2021-06-15
46.8621,-118.396,2021-06-15
46.8621,-118.3908,2021-06-15
46.8621,-118.3856,2021-06-15
46.8621,-118.3804,2021-06-15
46.8621,-118.3752,2021-06-15
46.863,-118.5,2021-06-15
46.863,-118.4948,2021-06-15
46.863,-118.4896,2021-06-15
46.863,-118.4844,2021-06-15
46.863,-118.4792,2021-06-15
46.863,-118.474,2021-06-15
46.863,-118.4688,2021-06-15
46.863,-118.4636,2021-06-15
46.863,-118.4584,2021-06-15
46.863,-118.4532,2021-06-15
46.863,-118.448,2021-06-15
46.863,-118.4428,2021-06-15
46.863,-118.4376,2021-06-15
46.863,-118.4324,2021-06-15
46.863,-118.4272,2021-06-15
46.863,-118.422,2021-06-15
46.863,-118.4168,2021-06-15
46.863,-118.4116,2021-06-15
46.863,-118.4064,2021-06-15
46.863,-118.4012,2021-06-15
46.863,-118.396,2021-06-15
46.863,-118.3908,2021-06-15
46.863,-118.3856,2021-06-15
46.863,-118.3804,2021-06-15
46.863,-118.3752,2021-06-15
46.8639,-118.5,2021-06-15
46.8639,-118.4948,2021-06-15
46.8639,-118.4896,2021-06-15
46.8639,-118.4844,2021-06-15
46.8639,-118.4792,2021-06-15
46.8639,-118.474,2021-06-15
46.8639,-118.4688,2021-06-15
46.8639,-118.4636,2021-06-15
46.8639,-118.4584,2021-06-15
46.8639,-118.4532,2021-06-15
46.8639,-118.448,2021-06-15
46.8639,-118.4428,2021-06-15
46.8639,-118.4376,2021-06-15
46.8639,-118.4324,2021-06-15
46.8639,-118.4272,2021-06-15
46.8639,-118.422,2021-06-15
46.8639,-118.4168,2021-06-15
46.8639,-118.4116,2021-06-15
46.8639,-118.4064,2021-06-15
46.8639,-118.4012,2021-06-15
46.8639,-118.396,2021-06-15
46.8639,-118.3908,2021-06-15
46.8639,-118.3856,2021-06-15
46.8639,-118.3804,2021-06-15
46.8639,-118.3752,2021-06-15
46.8648,-118.5,2021-06-15
46.8648,-118.4948,2021-06-15
46.8648,-118.4896,2021-06-15
46.8648,-118.4844,2021-06-15
46.8648,-118.4792,2021-06-15
46.8648,-118.474,2021-06-15
46.8648,-118.4688,2021-06-15
46.8648,-118.4636,2021-06-15
46.8648,-118.4584,2021-06-15
46.8648,-118.4532,2021-06-15
46.8648,-118.448,2021-06-15
46.8648,-118.4428,2021-06-15
46.8648,-118.4376,2021-06-15
46.8648,-118.4324,2021-06-15
46.8648,-118.4272,2021-06-15
46.8648,-118.422,2021-06-15
46.8648,-118.4168,2021-06-15
46.8648,-118.4116,2021-06-15
46.8648,-118.4064,2021-06-15
46.8648,-118.4012,2021-06-15
46.8648,-118.396,2021-06-15
46.8648,-118.3908,2021-06-15
46.8648,-118.3856,2021-06-15
46.8648,-118.3804,2021-06-15
46.8648,-118.3752,2021-06-15
46.8657,-118.5,2021-06-15
46.8657,-118.4948,2021-06-15
46.8657,-118.4896,2021-06-15
46.8657,-118.4844,2021-06-15
46.8657,-118.4792,2021-06-15
46.8657,-118.474,2021-06-15
46.8657,-118.4688,2021-06-15
46.8657,-118.4636,2021-06-15
46.8657,-118.4584,2021-06-15
46.8657,-118.4532,2021-06-15
46.8657,-118.448,2021-06-15
46.8657,-118.4428,2021-06-15
46.8657,-118.4376,2021-06-15
46.8657,-118.4324,2021-06-15
46.8657,-118.4272,2021-06-15
46.8657,-118.422,2021-06-15
46.8657,-118.4168,2021-06-15
46.8657,-118.4116,2021-06-15
46.8657,-118.4064,2021-06-15
46.8657,-118.4012,2021-06-15
46.8657,-118.396,2021-06-15
46.8657,-118.3908,2021-06-15
46.8657,-118.3856,2021-06-15
46.8657,-118.3804,2021-06-15
46.8657,-118.3752,2021-06-15
46.8666,-118.5,2021-06-15
46.8666,-118.4948,2021-06-15
46.8666,-118.4896,2021-06-15
46.8666,-118.4844,2021-06-15
46.8666,-118.4792,2021-06-15
46.8666,-118.474,2021-06-15
46.8666,-118.4688,2021-06-15
46.8666,-118.4636,2021-06-15
46.8666,-118.4584,2021-06-15
46.8666,-118.4532,2021-06-15
46.8666,-118.448,2021-06-15
46.8666,-118.4428,2021-06-15
46.8666,-118.4376,2021-06-15
46.8666,-118.4324,2021-06-15
46.8666,-118.4272,2021-06-15
46.8666,-118.422,2021-06-15
46.8666,-118.4168,2021-06-15
46.8666,-118.4116,2021-06-15
46.8666,-118.4064,2021-06-15
46.8666,-118.4012,2021-06-15
46.8666,-118.396,2021-06-15
46.8666,-118.3908,2021-06-15
46.8666,-118.3856,2021-06-15
46.8666,-118.3804,2021-06-15
46.8666,-118.3752,2021-06-15
46.8675,-118.5,2021-06-15
46.8675,-118.4948,2021-06-15
46.8675,-118.4896,2021-06-15
46.8675,-118.4844,2021-06-15
46.8675,-118.4792,2021-06-15
46.8675,-118.474,2021-06-15
46.8675,-118.4688,2021-06-15
46.8675,-118.4636,2021-06-15
46.8675,-118.4584,2021-06-15
46.8675,-118.4532,2021-06-15
46.8675,-118.448,2021-06-15
46.8675,-118.4428,2021-06-15
46.8675,-118.4376,2021-06-15
46.8675,-118.4324,2021-06-15
46.8675,-118.4272,2021-06-15
46.8675,-118.422,2021-06-15
46.8675,-118.4168,2021-06-15
46.8675,-118.4116,2021-06-15
46.8675,-118.4064,2021-06-15
46.8675,-118.4012,2021-06-15
46.8675,-118.396,2021-06-15
46.8675,-118.3908,2021-06-15
46.8675,-118.3856,2021-06-15
46.8675,-118.3804,2021-06-15
46.8675,-118.3752,2021-06-15
46.8684,-118.5,2021-06-15
46.8684,-118.4948,2021-06-15
46.8684,-118.4896,2021-06-15
46.8684,-118.4844,2021-06-15
46.8684,-118.4792,2021-06-15
46.8684,-118.474,2021-06-15
46.8684,-118.4688,2021-06-15
46.8684,-118.4636,2021-06-15
46.8684,-118.4584,2021-06-15
46.8684,-118.4532,2021-06-15
46.8684,-118.448,2021-06-15
46.8684,-118.4428,2021-06-15
46.8684,-118.4376,2021-06-15
46.8684,-118.4324,2021-06-15
46.8684,-118.4272,2021-06-15
46.8684,-118.422,2021-06-15
46.8684,-118.4168,2021-06-15
46.8684,-118.4116,2021-06-15
46.8684,-118.4064,2021-06-15
46.8684,-118.4012,2021-06-15
46.8684,-118.396,2021-06-15
46.8684,-118.3908,2021-06-15
46.8684,-118.3856,2021-06-15
46.8684,-118.3804,2021-06-15
46.8684,-118.3752,2021-06-15
46.8693,-118.5,2021-06-15
46.8693,-118.4948,2021-06-15
46.8693,-118.4896,2021-06-15
46.8693,-118.4844,2021-06-15
46.8693,-118.4792,2021-06-15
46.8693,-118.474,2021-06-15
46.8693,-118.4688,2021-06-15
46.8693,-118.4636,2021-06-15
46.8693,-118.4584,2021-06-15
46.8693,-118.4532,2021-06-15
46.8693,-118.448,2021-06-15
46.8693,-118.4428,2021-06-15
46.8693,-118.4376,2021-06-15
46.8693,-118.4324,2021-06-15
46.8693,-118.4272,2021-06-15
46.8693,-118.422,2021-06-15
46.8693,-118.4168,2021-06-15
46.8693,-118.4116,2021-06-15
46.8693,-118.4064,2021-06-15
46.8693,-118.4012,2021-06-15
46.8693,-118.396,2021-06-15
46.8693,-118.3908,2021-06-15
46.8693,-118.3856,2021-06-15
46.8693,-118.3804,2021-06-15
46.8693,-118.3752,2021-06-15
46.8702,-118.5,2021-06-15
46.8702,-118.4948,2021-06-15
46.8702,-118.4896,2021-06-15
46.8702,-118.4844,2021-06-15
46.8702,-118.4792,2021-06-15
46.8702,-118.474,2021-06-15
46.8702,-118.4688,2021-06-15
46.8702,-118.4636,2021-06-15
46.8702,-118.4584,2021-06-15
46.8702,-118.4532,2021-06-15
46.8702,-118.448,2021-06-15
46.8702,-118.4428,2021-06-15
46.8702,-118.4376,2021-06-15
46.8702,-118.4324,2021-06-15
46.8702,-118.4272,2021-06-15
46.8702,-118.422,2021-06-15
46.8702,-118.4168,2021-06-15
46.8702,-118.4116,2021-06-15
46.8702,-118.4064,2021-06-15
46.8702,-118.4012,2021-06-15
46.8702,-118.396,2021-06-15
46.8702,-118.3908,2021-06-15
46.8702,-118.3856,2021-06-15
46.8702,-118.3804,2021-06-15
46.8702,-118.3752,2021-06-15
46.8711,-118.5,2021-06-15
46.8711,-118.4948,2021-06-15
46.8711,-118.4896,2021-06-15
46.8711,-118.4844,2021-06-15
46.8711,-118.4792,2021-06-15
46.8711,-118.474,2021-06-15
46.8711,-118.4688,2021-06-15
46.8711,-118.4636,2021-06-15
46.8711,-118.4584,2021-06-15
46.8711,-118.4532,2021-06-15
46.8711,-118.448,2021-06-15
46.8711,-118.4428,2021-06-15
46.8711,-118.4376,2021-06-15
46.8711,-118.4324,2021-06-15
46.8711,-118.4272,2021-06-15
46.8711,-118.422,2021-06-15
46.8711,-118.4168,2021-06-15
46.8711,-118.4116,2021-06-15
46.8711,-118.4064,2021-06-15
46.8711,-118.4012,2021-06-15
46.8711,-118.396,2021-06-15
46.8711,-118.3908,2021-06-15
46.8711,-118.3856,2021-06-15
46.8711,-118.3804,2021-06-15
46.8711,-118.3752,2021-06-15
46.872,-118.5,2021-06-15
46.872,-118.4948,2021-06-15
46.872,-118.4896,2021-06-15
46.872,-118.4844,2021-06-15
46.872,-118.4792,2021-06-15
46.872,-118.474,2021-06-15
46.872,-118.4688,2021-06-15
46.872,-118.4636,2021-06-15
46.872,-118.4584,2021-06-15
46.872,-118.4532,2021-06-15
46.872,-118.448,2021-06-15
46.872,-118.4428,2021-06-15
46.872,-118.4376,2021-06-15
46.872,-118.4324,2021-06-15
46.872,-118.4272,2021-06-15
46.872,-118.422,2021-06-15
46.872,-118.4168,2021-06-15
46.872,-118.4116,2021-06-15
46.872,-118.4064,2021-06-15
46.872,-118.4012,2021-06-15
46.872,-118.396,2021-06-15
46.872,-118.3908,2021-06-15
46.872,-118.3856,2021-06-15
46.872,-118.3804,2021-06-15
46.872,-118.3752,2021-06-15
46.8729,-118.5,2021-06-15
46.8729,-118.4948,2021-06-15
46.8729,-118.4896,2021-06-15
46.8729,-118.4844,2021-06-15
46.8729,-118.4792,2021-06-15
46.8729,-118.474,2021-06-15
46.8729,-118.4688,2021-06-15
46.8729,-118.4636,2021-06-15
46.8729,-118.4584,2021-06-15
46.8729,-118.4532,2021-06-15
46.8729,-118.448,2021-06-15
46.8729,-118.4428,2021-06-15
46.8729,-118.4376,2021-06-15
46.8729,-118.4324,2021-06-15
46.8729,-118.4272,2021-06-15
46.8729,-118.422,2021-06-15
46.8729,-118.4168,2021-06-15
46.8729,-118.4116,2021-06-15
46.8729,-118.4064,2021-06-15
46.8729,-118.4012,2021-06-15
46.8729,-118.396,2021-06-15
46.8729,-118.3908,2021-06-15
46.8729,-118.3856,2021-06-15
46.8729,-118.3804,2021-06-15
46.8729,-118.3752,2021-06-15
46.8738,-118.5,2021-06-15
46.8738,-118.4948,2021-06-15
46.8738,-118.4896,2021-06-15
46.8738,-118.4844,2021-06-15
46.8738,-118.4792,2021-06-15
46.8738,-118.474,2021-06-15
46.8738,-118.4688,2021-06-15
46.8738,-118.4636,2021-06-15
46.8738,-118.4584,2021-06-15
46.8738,-118.4532,2021-06-15
46.8738,-118.448,2021-06-15
46.8738,-118.4428,2021-06-15
46.8738,-118.4376,2021-06-15
46.8738,-118.4324,2021-06-15
46.8738,-118.4272,2021-06-15
46.8738,-118.422,2021-06-15
46.8738,-118.4168,2021-06-15
46.8738,-118.4116,2021-06-15
46.8738,-118.4064,2021-06-15
46.8738,-118.4012,2021-06-15
46.8738,-118.396,2021-06-15
46.8738,-118.3908,2021-06-15
46.8738,-118.3856,2021-06-15
46.8738,-118.3804,2021-06-15
46.8738,-118.3752,2021-06-15
46.8747,-118.5,2021-06-15
46.8747,-118.4948,2021-06-15
46.8747,-118.4896,2021-06-15
46.8747,-118.4844,2021-06-15
46.8747,-118.4792,2021-06-15
46.8747,-118.474,2021-06-15
46.8747,-118.4688,2021-06-15
46.8747,-118.4636,2021-06-15
46.8747,-118.4584,2021-06-15
46.8747,-118.4532,2021-06-15
46.8747,-118.448,2021-06-15
46.8747,-118.4428,2021-06-15
46.8747,-118.4376,2021-06-15
46.8747,-118.4324,2021-06-15
46.8747,-118.4272,2021-06-15
46.8747,-118.422,2021-06-15
46.8747,-118.4168,2021-06-15
46.8747,-118.4116,2021-06-15
46.8747,-118.4064,2021-06-15
46.8747,-118.4012,2021-06-15
46.8747,-118.396,2021-06-15
46.8747,-118.3908,2021-06-15
46.8747,-118.3856,2021-06-15
46.8747,-118.3804,2021-06-15
46.8747,-118.3752,2021-06-15
46.8756,-118.5,2021-06-15
46.8756,-118.4948,2021-06-15
46.8756,-118.4896,2021-06-15
46.8756,-118.4844,2021-06-15
46.8756,-118.4792,2021-06-15
46.8756,-118.474,2021-06-15
46.8756,-118.4688,2021-06-15
46.8756,-118.4636,2021-06-15
46.8756,-118.4584,2021-06-15
46.8756,-118.4532,2021-06-15
46.8756,-118.448,2021-06-15
46.8756,-118.4428,2021-06-15
46.8756,-118.4376,2021-06-15
46.8756,-118.4324,2021-06-15
46.8756,-118.4272,2021-06-15
46.8756,-118.422,2021-06-15
46.8756,-118.4168,2021-06-15
46.8756,-118.4116,2021-06-15
46.8756,-118.4064,2021-06-15
46.8756,-118.4012,2021-06-15
46.8756,-118.396,2021-06-15
46.8756,-118.3908,2021-06-15
46.8756,-118.3856,2021-06-15
46.8756,-118.3804,2021-06-15
46.8756,-118.3752,2021-06-15
46.8765,-118.5,2021-06-15
46.8765,-118.4948,2021-06-15
46.8765,-118.4896,2021-06-15
46.8765,-118.4844,2021-06-15
46.8765,-118.4792,2021-06-15
46.8765,-118.474,2021-06-15
46.8765,-118.4688,2021-06-15
46.8765,-118.4636,2021-06-15
46.8765,-118.4584,2021-06-15
46.8765,-118.4532,2021-06-15
46.8765,-118.448,2021-06-15
46.8765,-118.4428,2021-06-15
46.8765,-118.4376,2021-06-15
46.8765,-118.4324,2021-06-15
46.8765,-118.4272,2021-06-15
46.8765,-118.422,2021-06-15
46.8765,-118.4168,2021-06-15
46.8765,-118.4116,2021-06-15
46.8765,-118.4064,2021-06-15
46.8765,-118.4012,2021-06-15
46.8765,-118.396,2021-06-15
46.8765,-118.3908,2021-06-15
46.8765,-118.3856,2021-06-15
46.8765,-118.3804,2021-06-15
46.8765,-118.3752,2021-06-15
46.8774,-118.5,2021-06-15
46.8774,-118.4948,2021-06-15
46.8774,-118.4896,2021-06-15
46.8774,-118.4844,2021-06-15
46.8774,-118.4792,2021-06-15
46.8774,-118.474,2021-06-15
46.8774,-118.4688,2021-06-15
46.8774,-118.4636,2021-06-15
46.8774,-118.4584,2021-06-15
46.8774,-118.4532,2021-06-15
46.8774,-118.448,2021-06-15
46.8774,-118.4428,2021-06-15
46.8774,-118.4376,2021-06-15
46.8774,-118.4324,2021-06-15
46.8774,-118.4272,2021-06-15
46.8774,-118.422,2021-06-15
46.8774,-118.4168,2021-06-15
46.8774,-118.4116,2021-06-15
46.8774,-118.4064,2021-06-15
46.8774,-118.4012,2021-06-15
46.8774,-118.396,2021-06-15
46.8774,-118.3908,2021-06-15
46.8774,-118.3856,2021-06-15
46.8774,-118.3804,2021-06-15
46.8774,-118.3752,2021-06-15
46.8783,-118.5,2021-06-15
46.8783,-118.4948,2021-06-15
46.8783,-118.4896,2021-06-15
46.8783,-118.4844,2021-06-15
46.8783,-118.4792,2021-06-15
46.8783,-118.474,2021-06-15
46.8783,-118.4688,2021-06-15
46.8783,-118.4636,2021-06-15
46.8783,-118.4584,2021-06-15
46.8783,-118.4532,2021-06-15
46.8783,-118.448,2021-06-15
46.8783,-118.4428,2021-06-15
46.8783,-118.4376,2021-06-15
46.8783,-118.4324,2021-06-15
46.8783,-118.4272,2021-06-15
46.8783,-118.422,2021-06-15
46.8783,-118.4168,2021-06-15
46.8783,-118.4116,2021-06-15
46.8783,-118.4064,2021-06-15
46.8783,-118.4012,2021-06-15
46.8783,-118.396,2021-06-15
46.8783,-118.3908,2021-06-15
46.8783,-118.3856,2021-06-15
46.8783,-118.3804,2021-06-15
46.8783,-118.3752,2021-06-15
46.8792,-118.5,2021-06-15
46.8792,-118.4948,2021-06-15
46.8792,-118.4896,2021-06-15
46.8792,-118.4844,2021-06-15
46.8792,-118.4792,2021-06-15
46.8792,-118.474,2021-06-15
46.8792,-118.4688,2021-06-15
46.8792,-118.4636,2021-06-15
46.8792,-118.4584,2021-06-15
46.8792,-118.4532,2021-06-15
46.8792,-118.448,2021-06-15
46.8792,-118.4428,2021-06-15
46.8792,-118.4376,2021-06-15
46.8792,-118.4324,2021-06-15
46.8792,-118.4272,2021-06-15
46.8792,-118.422,2021-06-15
46.8792,-118.4168,2021-06-15
46.8792,-118.4116,2021-06-15
46.8792,-118.4064,2021-06-15
46.8792,-118.4012,2021-06-15
46.8792,-118.396,2021-06-15
46.8792,-118.3908,2021-06-15
46.8792,-118.3856,2021-06-15
46.8792,-118.3804,2021-06-15
46.8792,-118.3752,2021-06-15
46.8801,-118.5,2021-06-15
46.8801,-118.4948,2021-06-15
46.8801,-118.4896,2021-06-15
46.8801,-118.4844,2021-06-15
46.8801,-118.4792,2021-06-15
46.8801,-118.474,2021-06-15
46.8801,-118.4688,2021-06-15
46.8801,-118.4636,2021-06-15
46.8801,-118.4584,2021-06-15
46.8801,-118.4532,2021-06-15
46.8801,-118.448,2021-06-15
46.8801,-118.4428,2021-06-15
46.8801,-118.4376,2021-06-15
46.8801,-118.4324,2021-06-15
46.8801,-118.4272,2021-06-15
46.8801,-118.422,2021-06-15
46.8801,-118.4168,2021-06-15
46.8801,-118.4116,2021-06-15
46.8801,-118.4064,2021-06-15
46.8801,-118.4012,2021-06-15
46.8801,-118.396,2021-06-15
46.8801,-118.3908,2021-06-15
46.8801,-118.3856,2021-06-15
46.8801,-118.3804,2021-06-15
46.8801,-118.3752,2021-06-15
46.881,-118.5,2021-06-15
46.881,-118.4948,2021-06-15
46.881,-118.4896,2021-06-15
46.881,-118.4844,2021-06-15
46.881,-118.4792,2021-06-15
46.881,-118.474,2021-06-15
46.881,-118.4688,2021-06-15
46.881,-118.4636,2021-06-15
46.881,-118.4584,2021-06-15
46.881,-118.4532,2021-06-15
46.881,-118.448,2021-06-15
46.881,-118.4428,2021-06-15
46.881,-118.4376,2021-06-15
46.881,-118.4324,2021-06-15
46.881,-118.4272,2021-06-15
46.881,-118.422,2021-06-15
46.881,-118.4168,2021-06-15
46.881,-118.4116,2021-06-15
46.881,-118.4064,2021-06-15
46.881,-118.4012,2021-06-15
46.881,-118.396,2021-06-15
46.881,-118.3908,2021-06-15
46.881,-118.3856,2021-06-15
46.881,-118.3804,2021-06-15
46.881,-118.3752,2021-06-15
46.8819,-118.5,2021-06-15
46.8819,-118.4948,2021-06-15
46.8819,-118.4896,2021-06-15
46.8819,-118.4844,2021-06-15
46.8819,-118.4792,2021-06-15
46.8819,-118.474,2021-06-15
46.8819,-118.4688,2021-06-15
46.8819,-118.4636,2021-06-15
46.8819,-118.4584,2021-06-15
46.8819,-118.4532,2021-06-15
46.8819,-118.448,2021-06-15
46.8819,-118.4428,2021-06-15
46.8819,-118.4376,2021-06-15
46.8819,-118.4324,2021-06-15
46.8819,-118.4272,2021-06-15
46.8819,-118.422,2021-06-15
46.8819,-118.4168,2021-06-15
46.8819,-118.4116,2021-06-15
46.8819,-118.4064,2021-06-15
46.8819,-118.4012,2021-06-15
46.8819,-118.396,2021-06-15
46.8819,-118.3908,2021-06-15
46.8819,-118.3856,2021-06-15
46.8819,-118.3804,2021-06-15
46.8819,-118.3752,2021-06-15
46.8828,-118.5,2021-06-15
46.8828,-118.4948,2021-06-15
46.8828,-118.4896,2021-06-15
46.8828,-118.4844,2021-06-15
46.8828,-118.4792,2021-06-15
46.8828,-118.474,2021-06-15
46.8828,-118.4688,2021-06-15
46.8828,-118.4636,2021-06-15
46.8828,-118.4584,2021-06-15
46.8828,-118.4532,2021-06-15
46.8828,-118.448,2021-06-15
46.8828,-118.4428,2021-06-15
46.8828,-118.4376,2021-06-15
46.8828,-118.4324,2021-06-15
46.8828,-118.4272,2021-06-15
46.8828,-118.422,2021-06-15
46.8828,-118.4168,2021-06-15
46.8828,-118.4116,2021-06-15
46.8828,-118.4064,2021-06-15
46.8828,-118.4012,2021-06-15
46.8828,-118.396,2021-06-15
46.8828,-118.3908,2021-06-15
46.8828,-118.3856,2021-06-15
46.8828,-118.3804,2021-06-15
46.8828,-118.3752,2021-06-15
46.8837,-118.5,2021-06-15
46.8837,-118.4948,2021-06-15
46.8837,-118.4896,2021-06-15
46.8837,-118.4844,2021-06-15
46.8837,-118.4792,2021-06-15
46.8837,-118.474,2021-06-15
46.8837,-118.4688,2021-06-15
46.8837,-118.4636,2021-06-15
46.8837,-118.4584,2021-06-15
46.8837,-118.4532,2021-06-15
46.8837,-118.448,2021-06-15
46.8837,-118.4428,2021-06-15
46.8837,-118.4376,2021-06-15
46.8837,-118.4324,2021-06-15
46.8837,-118.4272,2021-06-15
46.8837,-118.422,2021-06-15
46.8837,-118.4168,2021-06-15
46.8837,-118.4116,2021-06-15
46.8837,-118.4064,2021-06-15
46.8837,-118.4012,2021-06-15
46.8837,-118.396,2021-06-15
46.8837,-118.3908,2021-06-15
46.8837,-118.3856,2021-06-15
46.8837,-118.3804,2021-06-15
46.8837,-118.3752,2021-06-15
46.8846,-118.5,2021-06-15
46.8846,-118.4948,2021-06-15
46.8846,-118.4896,2021-06-15
46.8846,-118.4844,2021-06-15
46.8846,-118.4792,2021-06-15
46.8846,-118.474,2021-06-15
46.8846,-118.4688,2021-06-15
46.8846,-118.4636,2021-06-15
46.8846,-118.4584,2021-06-15
46.8846,-118.4532,2021-06-15
46.8846,-118.448,2021-06-15
46.8846,-118.4428,2021-06-15
46.8846,-118.4376,2021-06-15
46.8846,-118.4324,2021-06-15
46.8846,-118.4272,2021-06-15
46.8846,-118.422,2021-06-15
46.8846,-118.4168,2021-06-15
46.8846,-118.4116,2021-06-15
46.8846,-118.4064,2021-06-15
46.8846,-118.4012,2021-06-15
46.8846,-118.396,2021-06-15
46.8846,-118.3908,2021-06-15
46.8846,-118.3856,2021-06-15
46.8846,-118.3804,2021-06-15
46.8846,-118.3752,2021-06-15
46.8855,-118.5,2021-06-15
46.8855,-118.4948,2021-06-15
46.8855,-118.4896,2021-06-15
46.8855,-118.4844,2021-06-15
46.8855,-118.4792,2021-06-15
46.8855,-118.474,2021-06-15
46.8855,-118.4688,2021-06-15
46.8855,-118.4636,2021-06-15
46.8855,-118.4584,2021-06-15
46.8855,-118.4532,2021-06-15
46.8855,-118.448,2021-06-15
46.8855,-118.4428,2021-06-15
46.8855,-118.4376,2021-06-15
46.8855,-118.4324,2021-06-15
46.8855,-118.4272,2021-06-15
46.8855,-118.422,2021-06-15
46.8855,-118.4168,2021-06-15
46.8855,-118.4116,2021-06-15
46.8855,-118.4064,2021-06-15
46.8855,-118.4012,2021-06-15
46.8855,-118.396,2021-06-15
46.8855,-118.3908,2021-06-15
46.8855,-118.3856,2021-06-15
46.8855,-118.3804,2021-06-15
46.8855,-118.3752,2021-06-15
46.8864,-118.5,2021-06-15
46.8864,-118.4948,2021-06-15
46.8864,-118.4896,2021-06-15
46.8864,-118.4844,2021-06-15
46.8864,-118.4792,2021-06-15
46.8864,-118.474,2021-06-15
46.8864,-118.4688,2021-06-15
46.8864,-118.4636,2021-06-15
46.8864,-118.4584,2021-06-15
46.8864,-118.4532,2021-06-15
46.8864,-118.448,2021-06-15
46.8864,-118.4428,2021-06-15
46.8864,-118.4376,2021-06-15
46.8864,-118.4324,2021-06-15
46.8864,-118.4272,2021-06-15
46.8864,-118.422,2021-06-15
46.8864,-118.4168,2021-06-15
46.8864,-118.4116,2021-06-15
46.8864,-118.4064,2021-06-15
46.8864,-118.4012,2021-06-15
46.8864,-118.396,2021-06-15
46.8864,-118.3908,2021-06-15
46.8864,-118.3856,2021-06-15
46.8864,-118.3804,2021-06-15
46.8864,-118.3752,2021-06-15
46.8873,-118.5,2021-06-15
46.8873,-118.4948,2021-06-15
46.8873,-118.4896,2021-06-15
46.8873,-118.4844,2021-06-15
46.8873,-118.4792,2021-06-15
46.8873,-118.474,2021-06-15
46.8873,-118.4688,2021-06-15
46.8873,-118.4636,2021-06-15
46.8873,-118.4584,2021-06-15
46.8873,-118.4532,2021-06-15
46.8873,-118.448,2021-06-15
46.8873,-118.4428,2021-06-15
46.8873,-118.4376,2021-06-15
46.8873,-118.4324,2021-06-15
46.8873,-118.4272,2021-06-15
46.8873,-118.422,2021-06-15
46.8873,-118.4168,2021-06-15
46.8873,-118.4116,2021-06-15
46.8873,-118.4064,2021-06-15
46.8873,-118.4012,2021-06-15
46.8873,-118.396,2021-06-15
46.8873,-118.3908,2021-06-15
46.8873,-118.3856,2021-06-15
46.8873,-118.3804,2021-06-15
46.8873,-118.3752,2021-06-15
46.8882,-118.5,2021-06-15
46.8882,-118.4948,2021-06-15
46.8882,-118.4896,2021-06-15
46.8882,-118.4844,2021-06-15
46.8882,-118.4792,2021-06-15
46.8882,-118.474,2021-06-15
46.8882,-118.4688,2021-06-15
46.8882,-118.4636,2021-06-15
46.8882,-118.4584,2021-06-15
46.8882,-118.4532,2021-06-15
46.8882,-118.448,2021-06-15
46.8882,-118.4428,2021-06-15
46.8882,-118.4376,2021-06-15
46.8882,-118.4324,2021-06-15
46.8882,-118.4272,2021-06-15
46.8882,-118.422,2021-06-15
46.8882,-118.4168,2021-06-15
46.8882,-118.4116,2021-06-15
46.8882,-118.4064,2021-06-15
46.8882,-118.4012,2021-06-15
46.8882,-118.396,2021-06-15
46.8882,-118.3908,2021-06-15
46.8882,-118.3856,2021-06-15
46.8882,-118.3804,2021-06-15
46.8882,-118.3752,2021-06-15
46.8891,-118.5,2021-06-15
46.8891,-118.4948,2021-06-15
46.8891,-118.4896,2021-06-15
46.8891,-118.4844,2021-06-15
46.8891,-118.4792,2021-06-15
46.8891,-118.474,2021-06-15
46.8891,-118.4688,2021-06-15
46.8891,-118.4636,2021-06-15
46.8891,-118.4584,2021-06-15
46.8891,-118.4532,2021-06-15
46.8891,-118.448,2021-06-15
46.8891,-118.4428,2021-06-15
46.8891,-118.4376,2021-06-15
46.8891,-118.4324,2021-06-15
46.8891,-118.4272,2021-06-15
46.8891,-118.422,2021-06-15
46.8891,-118.4168,2021-06-15
46.8891,-118.4116,2021-06-15
46.8891,-118.4064,2021-06-15
46.8891,-118.4012,2021-06-15
46.8891,-118.396,2021-06-15
46.8891,-118.3908,2021-06-15
46.8891,-118.3856,2021-06-15
46.8891,-118.3804,2021-06-15
46.8891,-118.3752,2021-06-15
