units,k_median,k_mean,k_p25,k_max,units_k1,units_k5plus,memberships,memberships_k_lt_5,participants,participants_in_a_k1_unit,kpair_median,kpair_mean,kpair_p25,units_kpair1,units_kpair5plus,memberships_kpair_lt_5,pairs,pairs_in_a_kpair1_unit,level,cell_edge_m,temporal_bin,pct_units_k1,pct_units_k5plus,pct_memberships_k_lt_5,pct_participants_in_a_k1_unit,pct_units_kpair1,pct_units_kpair5plus,pct_memberships_kpair_lt_5,pct_pairs_in_a_kpair1_unit,seconds
9081242,1.0,1.697,1.0,110,7108569,436831,15412316,10888289,346,343,1.0,1.676,1.0,7168465,426823,10938399,312,310,13,100,year,78.28,4.81,70.65,99.13,78.94,4.7,70.97,99.36,93.4
5680607,1.0,1.873,1.0,133,4301511,329096,15412316,9397849,346,343,1.0,1.846,1.0,4340055,321038,9462688,312,310,12,200,year,75.72,5.79,60.98,99.13,76.4,5.65,61.4,99.36,80.9
3416068,1.0,2.05,1.0,139,2501193,232000,15412316,8053365,346,341,1.0,2.017,1.0,2524731,226563,8124455,312,309,11,400,year,73.22,6.79,52.25,98.55,73.91,6.63,52.71,99.04,64.8
1898010,1.0,2.208,1.0,143,1347520,143497,15412316,6986414,346,338,1.0,2.17,1.0,1360833,140173,7058276,312,308,10,800,year,71.0,7.56,45.33,97.69,71.7,7.39,45.8,98.72,60.3
999999,1.0,2.346,1.0,154,691663,81350,15412316,6100485,346,329,1.0,2.303,1.0,698997,79514,6168345,312,301,9,1600,year,69.17,8.14,39.58,95.09,69.9,7.95,40.02,96.47,57.1
518281,1.0,2.475,1.0,162,349696,44862,15412316,5302822,346,321,1.0,2.428,1.0,353593,43862,5367832,312,294,8,3200,year,67.47,8.66,34.41,92.77,68.22,8.46,34.83,94.23,57.5
264385,1.0,2.6,1.0,166,173865,24391,15412316,4552802,346,315,1.0,2.549,1.0,175801,23853,4616235,312,288,7,6400,year,65.76,9.23,29.54,91.04,66.49,9.02,29.95,92.31,57.8
131674,1.0,2.75,1.0,176,84003,13188,15412316,3879958,346,304,1.0,2.696,1.0,84879,12902,3944004,312,280,6,12800,year,63.8,10.02,25.17,87.86,64.46,9.8,25.59,89.74,55.7
28987151,1.0,1.084,1.0,14,27050649,32309,52397089,52081144,346,346,1.0,1.08,1.0,27155077,31689,52086036,312,312,12,200,day,93.32,0.11,99.4,100.0,93.68,0.11,99.41,100.0,1144.8
21298252,1.0,1.144,1.0,18,19199089,93112,52397089,51064063,346,346,1.0,1.138,1.0,19285419,91208,51083673,312,312,11,400,day,90.14,0.44,97.46,100.0,90.55,0.43,97.49,100.0,938.3
13770520,1.0,1.213,1.0,24,12001514,131856,52397089,49166986,346,346,1.0,1.206,1.0,12064606,128930,49218498,312,312,10,800,day,87.15,0.96,93.84,100.0,87.61,0.94,93.93,100.0,843.3
8060440,1.0,1.305,1.0,34,6777194,142724,52397089,46174079,346,346,1.0,1.296,1.0,6818733,139109,46277994,312,312,9,1600,day,84.08,1.77,88.12,100.0,84.6,1.73,88.32,100.0,881.1
4454985,1.0,1.411,1.0,41,3628840,124485,52397089,42151387,346,343,1.0,1.399,1.0,3654264,120601,42350968,312,310,8,3200,day,81.46,2.79,80.45,99.13,82.03,2.71,80.83,99.36,869.1
2401101,1.0,1.537,1.0,46,1916468,101590,52397089,36610290,346,342,1.0,1.521,1.0,1932592,98481,36889772,312,310,7,6400,day,79.82,4.23,69.87,98.84,80.49,4.1,70.4,99.36,787.1
1285215,1.0,1.714,1.0,48,1010988,72429,52397089,30991796,346,339,1.0,1.691,1.0,1021002,70430,31258068,312,308,6,12800,day,78.66,5.64,59.15,97.98,79.44,5.48,59.66,98.72,794.1
36391859,1.0,1.045,1.0,11,34930684,4478,52397089,52363118,346,346,1.0,1.042,1.0,35048216,4372,52363896,312,312,13,100,day,95.98,0.01,99.94,100.0,96.31,0.01,99.94,100.0,944.8
