level,cell_size_m,n_unique_cells,reduction_factor,k_mean,k_median,k_p95,k_max
1,409600,502,6159.20,6159.20,67.00,29994.20,579929
2,204800,1109,2788.02,2788.02,75.00,11833.40,368152
3,102400,2564,1205.90,1205.90,88.50,4352.60,202464
4,51200,6161,501.85,501.85,60.00,1711.00,109849
5,25600,14403,214.67,214.67,33.00,729.80,44639
6,12800,31409,98.44,98.44,20.00,336.00,11673
7,6400,65673,47.08,47.08,12.00,168.00,3968
8,3200,133431,23.17,23.17,8.00,85.00,1022
9,1600,267735,11.55,11.55,5.00,42.00,256
10,800,535867,5.77,5.77,3.00,20.00,64
11,400,1027539,3.01,3.01,2.00,9.00,16
12,200,1823340,1.70,1.70,1.00,4.00,4
13,100,3091917,1.00,1.00,1.00,1.00,1
