synthetic_id,latitude,longitude,timestamp,anchor
park-1158,46.727371,-117.183711,2019-01-02T00:00:00,park
resi-0480,46.726741,-117.179911,2019-01-03T15:00:00,residential
camp-0058,46.729528,-117.147026,2019-01-05T23:00:00,campus
resi-0530,46.731301,-117.163972,2019-01-08T15:00:00,residential
camp-0145,46.718945,-117.141277,2019-01-09T21:00:00,campus
park-1063,46.722538,-117.175504,2019-01-10T02:00:00,park
resi-0432,46.7245,-117.160524,2019-01-10T11:00:00,residential
reta-1496,46.735734,-117.128984,2019-01-10T18:00:00,retail
resi-0725,46.730557,-117.139069,2019-01-11T00:00:00,residential
resi-0873,46.734277,-117.142658,2019-01-13T00:00:00,residential
reta-1272,46.727442,-117.134234,2019-01-13T12:00:00,retail
resi-0549,46.735905,-117.172852,2019-01-13T20:00:00,residential
camp-0014,46.734658,-117.162708,2019-01-14T03:00:00,campus
camp-0004,46.730122,-117.159865,2019-01-17T13:00:00,campus
park-1184,46.7277,-117.195112,2019-01-19T06:00:00,park
resi-0854,46.736549,-117.142072,2019-01-21T17:00:00,residential
reta-1319,46.731364,-117.13029,2019-01-22T13:00:00,retail
camp-0256,46.729575,-117.152115,2019-01-24T05:00:00,campus
resi-0347,46.736656,-117.166723,2019-01-25T04:00:00,residential
resi-0695,46.722976,-117.129256,2019-01-25T20:00:00,residential
reta-1398,46.744719,-117.134424,2019-01-25T22:00:00,retail
resi-0528,46.730635,-117.16219,2019-01-26T04:00:00,residential
park-1123,46.717643,-117.183738,2019-01-27T07:00:00,park
reta-1314,46.729801,-117.131985,2019-01-27T22:00:00,retail
resi-0536,46.732605,-117.165422,2019-01-28T04:00:00,residential
camp-0098,46.720866,-117.128717,2019-02-01T14:00:00,campus
resi-0441,46.722549,-117.156432,2019-02-02T06:00:00,residential
park-1103,46.717412,-117.18049,2019-02-02T16:00:00,park
resi-0550,46.727149,-117.166958,2019-02-03T08:00:00,residential
reta-1270,46.726056,-117.136438,2019-02-03T09:00:00,retail
camp-0050,46.731918,-117.155046,2019-02-05T15:00:00,campus
park-1038,46.725349,-117.193892,2019-02-06T13:00:00,park
resi-0603,46.740247,-117.14898,2019-02-07T01:00:00,residential
resi-0575,46.722702,-117.170628,2019-02-10T19:00:00,residential
camp-0110,46.728404,-117.15184,2019-02-12T05:00:00,campus
resi-0736,46.729018,-117.143014,2019-02-13T02:00:00,residential
camp-0117,46.726714,-117.148764,2019-02-13T12:00:00,campus
park-0987,46.725877,-117.173046,2019-02-15T19:00:00,park
camp-0283,46.721695,-117.147767,2019-02-15T22:00:00,campus
park-0931,46.722551,-117.182603,2019-02-16T14:00:00,park
park-1062,46.722071,-117.177197,2019-02-16T16:00:00,park
resi-0805,46.741369,-117.143052,2019-02-16T17:00:00,residential
reta-1391,46.74465,-117.132735,2019-02-16T20:00:00,retail
reta-1339,46.726776,-117.128085,2019-02-18T05:00:00,retail
resi-0543,46.733213,-117.168477,2019-02-18T05:00:00,residential
camp-0212,46.727925,-117.155158,2019-02-19T06:00:00,campus
resi-0890,46.733038,-117.143247,2019-02-20T12:00:00,residential
resi-0627,46.741883,-117.15409,2019-02-20T16:00:00,residential
park-1089,46.726659,-117.185804,2019-02-25T00:00:00,park
camp-0012,46.733707,-117.164469,2019-02-25T18:00:00,campus
reta-1388,46.74434,-117.129554,2019-02-26T14:00:00,retail
park-0946,46.721511,-117.175032,2019-02-26T16:00:00,park
park-1165,46.726721,-117.185287,2019-02-27T15:00:00,park
resi-0674,46.728179,-117.134727,2019-02-28T11:00:00,residential
resi-0508,46.73077,-117.163576,2019-03-01T01:00:00,residential
camp-0146,46.719534,-117.139186,2019-03-02T23:00:00,campus
reta-1461,46.729943,-117.131604,2019-03-04T17:00:00,retail
resi-0466,46.725086,-117.174274,2019-03-05T01:00:00,residential
resi-0380,46.735296,-117.156883,2019-03-05T15:00:00,residential
park-0927,46.721764,-117.180729,2019-03-06T03:00:00,park
resi-0642,46.745,-117.151337,2019-03-07T12:00:00,residential
resi-0702,46.736153,-117.142336,2019-03-07T12:00:00,residential
camp-0106,46.730068,-117.150495,2019-03-08T02:00:00,campus
resi-0662,46.732262,-117.134016,2019-03-09T18:00:00,residential
resi-0851,46.736206,-117.143777,2019-03-11T04:00:00,residential
park-1195,46.726902,-117.2,2019-03-11T11:00:00,park
camp-0286,46.722926,-117.147906,2019-03-12T20:00:00,campus
reta-1460,46.729642,-117.130427,2019-03-13T00:00:00,retail
resi-0443,46.720609,-117.158851,2019-03-13T13:00:00,residential
park-0972,46.724278,-117.175968,2019-03-14T12:00:00,park
reta-1408,46.72809,-117.135423,2019-03-15T18:00:00,retail
reta-1228,46.72505,-117.134347,2019-03-16T23:00:00,retail
camp-0157,46.7355,-117.153767,2019-03-17T14:00:00,campus
resi-0714,46.729853,-117.13623,2019-03-18T11:00:00,residential
park-0938,46.720487,-117.183015,2019-03-19T09:00:00,park
reta-1312,46.729395,-117.131632,2019-03-19T11:00:00,retail
resi-0749,46.72975,-117.144645,2019-03-21T05:00:00,residential
resi-0391,46.736373,-117.15914,2019-03-26T14:00:00,residential
park-0978,46.725067,-117.172948,2019-03-27T15:00:00,park
reta-1200,46.729144,-117.134285,2019-03-28T02:00:00,retail
reta-1303,46.726381,-117.13757,2019-04-01T01:00:00,retail
resi-0884,46.731406,-117.142294,2019-04-01T15:00:00,residential
camp-0055,46.729917,-117.150045,2019-04-02T16:00:00,campus
camp-0282,46.720512,-117.151756,2019-04-04T11:00:00,campus
reta-1321,46.730635,-117.129365,2019-04-07T17:00:00,retail
reta-1432,46.725708,-117.145547,2019-04-12T04:00:00,retail
resi-0477,46.726242,-117.182242,2019-04-12T06:00:00,residential
camp-0175,46.735329,-117.165466,2019-04-12T12:00:00,campus
resi-0893,46.736818,-117.145347,2019-04-12T23:00:00,residential
park-1042,46.72555,-117.196648,2019-04-13T00:00:00,park
park-1117,46.719068,-117.18457,2019-04-13T07:00:00,park
camp-0059,46.730126,-117.14591,2019-04-13T16:00:00,campus
park-1106,46.717291,-117.177251,2019-04-13T18:00:00,park
resi-0484,46.72894,-117.180097,2019-04-14T18:00:00,residential
resi-0849,46.743721,-117.130953,2019-04-15T06:00:00,residential
reta-1389,46.745,-117.130558,2019-04-17T11:00:00,retail
camp-0144,46.72009,-117.141402,2019-04-18T14:00:00,campus
camp-0158,46.734462,-117.153822,2019-04-20T11:00:00,campus
reta-1243,46.726982,-117.144934,2019-04-20T16:00:00,retail
park-1177,46.728324,-117.188386,2019-04-22T01:00:00,park
reta-1353,46.731343,-117.133033,2019-04-22T10:00:00,retail
reta-1254,46.729863,-117.135869,2019-04-22T12:00:00,retail
camp-0115,46.725934,-117.150234,2019-04-22T18:00:00,campus
camp-0019,46.735074,-117.162271,2019-04-24T04:00:00,campus
camp-0189,46.733896,-117.16777,2019-04-24T12:00:00,campus
park-1143,46.71834,-117.184761,2019-04-24T23:00:00,park
park-1087,46.723641,-117.184129,2019-04-25T02:00:00,park
reta-1295,46.726102,-117.124297,2019-04-25T13:00:00,retail
camp-0180,46.736476,-117.165492,2019-04-25T15:00:00,campus
reta-1335,46.727934,-117.12983,2019-04-26T23:00:00,retail
resi-0685,46.727979,-117.131375,2019-04-28T04:00:00,residential
reta-1370,46.735082,-117.128274,2019-05-01T12:00:00,retail
camp-0174,46.734319,-117.167838,2019-05-01T19:00:00,campus
resi-0837,46.739387,-117.133632,2019-05-02T08:00:00,residential
reta-1452,46.728847,-117.134029,2019-05-02T18:00:00,retail
resi-0589,46.722155,-117.174767,2019-05-03T09:00:00,residential
reta-1417,46.725543,-117.139104,2019-05-03T12:00:00,retail
park-1047,46.726204,-117.196763,2019-05-03T14:00:00,park
reta-1488,46.73265,-117.129595,2019-05-04T04:00:00,retail
camp-0111,46.728428,-117.153724,2019-05-04T09:00:00,campus
resi-0608,46.738666,-117.152227,2019-05-06T00:00:00,residential
resi-0718,46.732,-117.140145,2019-05-06T01:00:00,residential
resi-0646,46.744424,-117.148845,2019-05-06T14:00:00,residential
resi-0569,46.726776,-117.167768,2019-05-07T04:00:00,residential
resi-0538,46.73207,-117.16909,2019-05-08T11:00:00,residential
resi-0612,46.737012,-117.152783,2019-05-09T01:00:00,residential
reta-1238,46.726013,-117.142136,2019-05-11T19:00:00,retail
reta-1301,46.727257,-117.136828,2019-05-12T08:00:00,retail
resi-0386,46.735734,-117.159556,2019-05-14T11:00:00,residential
camp-0184,46.736029,-117.167193,2019-05-15T04:00:00,campus
reta-1333,46.729267,-117.129642,2019-05-15T16:00:00,retail
reta-1302,46.72556,-117.136829,2019-05-16T01:00:00,retail
reta-1342,46.729039,-117.125747,2019-05-16T14:00:00,retail
park-1098,46.723643,-117.187659,2019-05-16T20:00:00,park
park-0905,46.717943,-117.179486,2019-05-17T00:00:00,park
camp-0049,46.737286,-117.16631,2019-05-17T11:00:00,campus
reta-1216,46.723572,-117.133683,2019-05-18T00:00:00,retail
resi-0407,46.728034,-117.160562,2019-05-18T23:00:00,residential
resi-0660,46.733708,-117.134791,2019-05-19T12:00:00,residential
camp-0231,46.730744,-117.159441,2019-05-19T18:00:00,campus
resi-0334,46.735421,-117.168685,2019-05-20T04:00:00,residential
reta-1276,46.728412,-117.130923,2019-05-20T16:00:00,retail
resi-0888,46.73302,-117.145189,2019-05-21T08:00:00,residential
resi-0393,46.736289,-117.161177,2019-05-23T03:00:00,residential
resi-0593,46.724504,-117.17649,2019-05-23T16:00:00,residential
resi-0891,46.735374,-117.144172,2019-05-24T02:00:00,residential
resi-0721,46.731099,-117.140541,2019-05-24T10:00:00,residential
resi-0489,46.729553,-117.182437,2019-05-24T18:00:00,residential
reta-1407,46.727696,-117.1364,2019-05-24T21:00:00,retail
resi-0517,46.73121,-117.163732,2019-05-24T21:00:00,residential
resi-0769,46.73686,-117.132177,2019-05-25T19:00:00,residential
park-1168,46.728087,-117.184102,2019-05-26T07:00:00,park
reta-1489,46.732805,-117.12754,2019-05-27T20:00:00,retail
resi-0687,46.728377,-117.127322,2019-05-28T05:00:00,residential
park-1173,46.727401,-117.187004,2019-06-01T15:00:00,park
park-0993,46.726323,-117.180682,2019-06-01T22:00:00,park
resi-0886,46.730743,-117.144542,2019-06-02T07:00:00,residential
resi-0424,46.726413,-117.166038,2019-06-03T02:00:00,residential
resi-0311,46.732898,-117.169342,2019-06-03T05:00:00,residential
park-1080,46.722002,-117.184781,2019-06-03T09:00:00,park
reta-1475,46.728951,-117.13092,2019-06-06T03:00:00,retail
camp-0170,46.734774,-117.164303,2019-06-06T07:00:00,campus
park-1160,46.728353,-117.187431,2019-06-06T21:00:00,park
resi-0699,46.725555,-117.128225,2019-06-07T21:00:00,residential
resi-0791,46.730561,-117.135652,2019-06-09T13:00:00,residential
camp-0230,46.731418,-117.159328,2019-06-10T19:00:00,campus
park-1124,46.718127,-117.183917,2019-06-10T23:00:00,park
park-1051,46.72156,-117.176824,2019-06-11T01:00:00,park
park-0947,46.722459,-117.175653,2019-06-13T23:00:00,park
reta-1485,46.731043,-117.128213,2019-06-15T13:00:00,retail
camp-0137,46.721738,-117.142251,2019-06-15T15:00:00,campus
reta-1344,46.73016,-117.125876,2019-06-16T08:00:00,retail
resi-0512,46.731395,-117.163698,2019-06-17T02:00:00,residential
resi-0336,46.734482,-117.167362,2019-06-18T07:00:00,residential
park-0983,46.723986,-117.172068,2019-06-18T13:00:00,park
reta-1412,46.727796,-117.13846,2019-06-19T20:00:00,retail
camp-0156,46.734785,-117.154322,2019-06-22T19:00:00,campus
park-1191,46.726024,-117.2,2019-06-23T21:00:00,park
resi-0307,46.731608,-117.169876,2019-06-24T10:00:00,residential
reta-1497,46.735392,-117.129504,2019-06-24T22:00:00,retail
park-1101,46.720434,-117.179914,2019-06-25T09:00:00,park
resi-0767,46.738016,-117.134158,2019-06-27T02:00:00,residential
resi-0529,46.730287,-117.16386,2019-06-27T16:00:00,residential
reta-1324,46.731761,-117.130473,2019-07-03T06:00:00,retail
park-1192,46.727003,-117.198457,2019-07-04T03:00:00,park
reta-1318,46.730257,-117.129068,2019-07-04T16:00:00,retail
camp-0191,46.73235,-117.168267,2019-07-04T19:00:00,campus
resi-0545,46.732564,-117.172087,2019-07-04T20:00:00,residential
resi-0678,46.731827,-117.13316,2019-07-05T00:00:00,residential
park-0966,46.719423,-117.175938,2019-07-05T14:00:00,park
resi-0340,46.734589,-117.16867,2019-07-05T15:00:00,residential
park-1022,46.729269,-117.190854,2019-07-08T22:00:00,park
camp-0077,46.723175,-117.137314,2019-07-09T09:00:00,campus
camp-0199,46.734779,-117.171556,2019-07-09T11:00:00,campus
reta-1332,46.728501,-117.12801,2019-07-09T16:00:00,retail
resi-0730,46.729322,-117.141174,2019-07-11T08:00:00,residential
park-1174,46.727826,-117.187776,2019-07-11T21:00:00,park
reta-1483,46.730137,-117.130661,2019-07-12T11:00:00,retail
reta-1350,46.728631,-117.135188,2019-07-16T20:00:00,retail
resi-0777,46.731447,-117.131704,2019-07-17T17:00:00,residential
resi-0493,46.729611,-117.183958,2019-07-17T17:00:00,residential
camp-0119,46.727984,-117.147572,2019-07-17T20:00:00,campus
reta-1326,46.732265,-117.128471,2019-07-18T03:00:00,retail
resi-0807,46.741629,-117.142844,2019-07-18T05:00:00,residential
resi-0405,46.726787,-117.163666,2019-07-19T04:00:00,residential
resi-0643,46.744701,-117.151193,2019-07-19T04:00:00,residential
park-1010,46.722496,-117.18722,2019-07-20T00:00:00,park
camp-0178,46.735676,-117.167293,2019-07-21T07:00:00,campus
park-1104,46.71777,-117.178792,2019-07-21T07:00:00,park
park-1109,46.716421,-117.179164,2019-07-23T17:00:00,park
resi-0577,46.723756,-117.170127,2019-07-24T00:00:00,residential
camp-0060,46.730728,-117.143849,2019-07-24T12:00:00,campus
resi-0690,46.723836,-117.127276,2019-07-28T06:00:00,residential
reta-1299,46.724329,-117.122992,2019-08-01T01:00:00,retail
reta-1474,46.730077,-117.131546,2019-08-02T05:00:00,retail
park-1185,46.728843,-117.194925,2019-08-03T01:00:00,park
resi-0574,46.723604,-117.170303,2019-08-03T12:00:00,residential
reta-1263,46.727598,-117.138609,2019-08-04T16:00:00,retail
resi-0843,46.745,-117.129329,2019-08-06T17:00:00,residential
reta-1394,46.743115,-117.133269,2019-08-07T08:00:00,retail
resi-0635,46.741778,-117.15477,2019-08-07T21:00:00,residential
camp-0016,46.735333,-117.162763,2019-08-10T22:00:00,campus
camp-0087,46.724965,-117.135599,2019-08-13T10:00:00,campus
resi-0681,46.731004,-117.128021,2019-08-15T18:00:00,residential
camp-0122,46.729175,-117.144536,2019-08-15T18:00:00,campus
resi-0838,46.740297,-117.132561,2019-08-16T01:00:00,residential
resi-0303,46.728148,-117.169449,2019-08-16T16:00:00,residential
camp-0292,46.721728,-117.146818,2019-08-16T20:00:00,campus
camp-0285,46.722736,-117.148965,2019-08-18T08:00:00,campus
reta-1203,46.730065,-117.135725,2019-08-18T20:00:00,retail
camp-0078,46.72267,-117.136018,2019-08-18T21:00:00,campus
park-1007,46.722489,-117.184839,2019-08-19T19:00:00,park
resi-0625,46.742068,-117.154699,2019-08-20T07:00:00,residential
park-1059,46.721582,-117.178748,2019-08-21T00:00:00,park
resi-0452,46.72426,-117.165527,2019-08-22T10:00:00,residential
resi-0600,46.738449,-117.146212,2019-08-23T11:00:00,residential
park-0967,46.71925,-117.175881,2019-08-23T15:00:00,park
resi-0828,46.742417,-117.138661,2019-08-24T15:00:00,residential
resi-0448,46.720294,-117.15968,2019-08-25T20:00:00,residential
park-1171,46.727423,-117.185153,2019-08-27T05:00:00,park
resi-0812,46.744264,-117.140886,2019-08-27T07:00:00,residential
camp-0224,46.73381,-117.159327,2019-08-28T01:00:00,campus
reta-1289,46.72756,-117.12612,2019-08-28T16:00:00,retail
resi-0415,46.725184,-117.163193,2019-08-28T16:00:00,residential
resi-0885,46.730178,-117.143345,2019-09-01T14:00:00,residential
resi-0523,46.731865,-117.165297,2019-09-01T17:00:00,residential
park-1161,46.728505,-117.186636,2019-09-01T20:00:00,park
park-1002,46.720053,-117.184561,2019-09-03T20:00:00,park
camp-0114,46.727009,-117.151002,2019-09-04T14:00:00,campus
park-1157,46.725784,-117.18351,2019-09-04T21:00:00,park
camp-0172,46.734179,-117.165899,2019-09-09T11:00:00,campus
park-1140,46.716505,-117.184597,2019-09-09T19:00:00,park
resi-0701,46.737645,-117.142786,2019-09-10T08:00:00,residential
resi-0423,46.727673,-117.165691,2019-09-10T19:00:00,residential
camp-0028,46.736116,-117.16828,2019-09-13T14:00:00,campus
resi-0300,46.725935,-117.168005,2019-09-15T21:00:00,residential
reta-1208,46.727644,-117.136388,2019-09-18T06:00:00,retail
resi-0358,46.727272,-117.168519,2019-09-20T10:00:00,residential
resi-0375,46.734366,-117.159637,2019-09-20T16:00:00,residential
resi-0610,46.739236,-117.152861,2019-09-21T14:00:00,residential
reta-1269,46.727558,-117.137371,2019-09-22T23:00:00,retail
resi-0834,46.740837,-117.13788,2019-09-23T03:00:00,residential
reta-1415,46.726347,-117.136911,2019-09-23T10:00:00,retail
camp-0278,46.720589,-117.154261,2019-09-24T15:00:00,campus
resi-0339,46.734772,-117.16819,2019-09-25T04:00:00,residential
resi-0879,46.732717,-117.142611,2019-09-25T12:00:00,residential
camp-0043,46.735812,-117.162395,2019-10-02T09:00:00,campus
park-1050,46.721544,-117.177793,2019-10-05T04:00:00,park
reta-1465,46.731991,-117.129876,2019-10-05T20:00:00,retail
resi-0868,46.73572,-117.142992,2019-10-06T15:00:00,residential
resi-0389,46.735491,-117.157277,2019-10-06T16:00:00,residential
resi-0790,46.72953,-117.135358,2019-10-07T12:00:00,residential
resi-0420,46.726392,-117.163652,2019-10-07T18:00:00,residential
reta-1284,46.726812,-117.129259,2019-10-07T21:00:00,retail
resi-0832,46.740301,-117.139625,2019-10-08T13:00:00,residential
reta-1236,46.723055,-117.139641,2019-10-08T19:00:00,retail
resi-0559,46.726867,-117.165631,2019-10-08T23:00:00,residential
resi-0691,46.724522,-117.127782,2019-10-09T08:00:00,residential
resi-0552,46.726042,-117.168323,2019-10-09T23:00:00,residential
park-1039,46.725273,-117.193685,2019-10-10T16:00:00,park
camp-0166,46.735502,-117.162485,2019-10-11T02:00:00,campus
camp-0036,46.737719,-117.16336,2019-10-11T16:00:00,campus
park-0914,46.72036,-117.183558,2019-10-12T14:00:00,park
resi-0583,46.723221,-117.170739,2019-10-13T23:00:00,residential
camp-0068,46.726984,-117.14058,2019-10-14T07:00:00,campus
reta-1226,46.724538,-117.136281,2019-10-14T20:00:00,retail
resi-0383,46.736356,-117.157845,2019-10-15T00:00:00,residential
camp-0044,46.73684,-117.160536,2019-10-16T11:00:00,campus
camp-0075,46.725531,-117.139178,2019-10-16T22:00:00,campus
resi-0318,46.735907,-117.167403,2019-10-17T05:00:00,residential
park-1154,46.725393,-117.182181,2019-10-17T13:00:00,park
reta-1387,46.744378,-117.129545,2019-10-18T00:00:00,retail
resi-0595,46.725085,-117.178213,2019-10-19T05:00:00,residential
park-0953,46.722084,-117.179739,2019-10-21T19:00:00,park
camp-0219,46.733873,-117.1566,2019-10-22T11:00:00,campus
camp-0187,46.734726,-117.166828,2019-10-23T00:00:00,campus
camp-0160,46.734488,-117.15784,2019-10-24T03:00:00,campus
resi-0346,46.738134,-117.166398,2019-10-24T20:00:00,residential
camp-0135,46.721201,-117.144283,2019-10-24T21:00:00,campus
camp-0245,46.73321,-117.164629,2019-10-26T06:00:00,campus
resi-0871,46.734046,-117.139659,2019-10-27T04:00:00,residential
resi-0515,46.731234,-117.163983,2019-10-27T14:00:00,residential
park-1164,46.72692,-117.186583,2019-11-03T12:00:00,park
resi-0856,46.73635,-117.14557,2019-11-04T05:00:00,residential
park-1001,46.721793,-117.184606,2019-11-04T06:00:00,park
camp-0108,46.731125,-117.150826,2019-11-04T16:00:00,campus
resi-0566,46.726788,-117.165998,2019-11-04T20:00:00,residential
park-1000,46.721625,-117.18126,2019-11-05T06:00:00,park
resi-0802,46.738285,-117.140508,2019-11-05T15:00:00,residential
park-1049,46.727645,-117.196687,2019-11-05T22:00:00,park
resi-0694,46.724017,-117.129796,2019-11-07T04:00:00,residential
camp-0251,46.733333,-117.15222,2019-11-07T13:00:00,campus
park-0940,46.720657,-117.18166,2019-11-09T04:00:00,park
camp-0275,46.72213,-117.154811,2019-11-10T05:00:00,campus
reta-1212,46.723947,-117.137854,2019-11-12T13:00:00,retail
resi-0590,46.722706,-117.174352,2019-11-12T17:00:00,residential
reta-1482,46.730587,-117.131339,2019-11-13T01:00:00,retail
reta-1480,46.730836,-117.131198,2019-11-13T06:00:00,retail
resi-0542,46.733146,-117.167035,2019-11-14T00:00:00,residential
resi-0619,46.739606,-117.155129,2019-11-14T10:00:00,residential
resi-0547,46.735397,-117.172899,2019-11-15T10:00:00,residential
resi-0795,46.730563,-117.135969,2019-11-15T15:00:00,residential
park-0950,46.723577,-117.180266,2019-11-16T08:00:00,park
resi-0430,46.725198,-117.161603,2019-11-20T09:00:00,residential
reta-1234,46.723619,-117.137898,2019-11-21T02:00:00,retail
reta-1360,46.730224,-117.12131,2019-11-21T23:00:00,retail
camp-0267,46.72366,-117.150013,2019-11-22T04:00:00,campus
park-0985,46.724444,-117.174288,2019-11-24T08:00:00,park
camp-0201,46.731474,-117.152946,2019-11-25T11:00:00,campus
reta-1204,46.729466,-117.136312,2019-11-25T20:00:00,retail
resi-0762,46.737026,-117.136455,2019-11-28T05:00:00,residential
resi-0487,46.729145,-117.181314,2019-12-01T10:00:00,residential
park-0910,46.717519,-117.184857,2019-12-01T16:00:00,park
park-1136,46.715635,-117.18117,2019-12-02T16:00:00,park
resi-0348,46.737279,-117.168639,2019-12-03T10:00:00,residential
resi-0813,46.745,-117.140947,2019-12-03T15:00:00,residential
resi-0350,46.726751,-117.169342,2019-12-05T02:00:00,residential
reta-1423,46.724589,-117.139895,2019-12-05T12:00:00,retail
park-1006,46.723413,-117.187586,2019-12-08T03:00:00,park
camp-0008,46.735804,-117.165043,2019-12-08T07:00:00,campus
resi-0455,46.72647,-117.165624,2019-12-08T17:00:00,residential
resi-0379,46.735881,-117.156897,2019-12-09T00:00:00,residential
camp-0125,46.727026,-117.14027,2019-12-09T16:00:00,campus
resi-0620,46.741361,-117.153599,2019-12-10T17:00:00,residential
resi-0809,46.744497,-117.142499,2019-12-10T19:00:00,residential
resi-0669,46.732352,-117.133353,2019-12-10T21:00:00,residential
camp-0220,46.734845,-117.156205,2019-12-11T16:00:00,campus
resi-0731,46.72842,-117.14258,2019-12-12T08:00:00,residential
resi-0742,46.727732,-117.140854,2019-12-12T11:00:00,residential
resi-0824,46.740158,-117.142157,2019-12-13T23:00:00,residential
resi-0321,46.736054,-117.169047,2019-12-14T17:00:00,residential
camp-0216,46.729163,-117.158383,2019-12-15T15:00:00,campus
park-1046,46.726552,-117.194617,2019-12-15T23:00:00,park
reta-1367,46.733232,-117.129581,2019-12-17T13:00:00,retail
camp-0159,46.734917,-117.156696,2019-12-17T16:00:00,campus
resi-0892,46.737276,-117.14433,2019-12-18T08:00:00,residential
reta-1338,46.728261,-117.129666,2019-12-18T22:00:00,retail
resi-0817,46.742139,-117.143544,2019-12-19T03:00:00,residential
resi-0709,46.731662,-117.138732,2019-12-19T04:00:00,residential
resi-0818,46.742307,-117.141576,2019-12-19T07:00:00,residential
camp-0067,46.728584,-117.143254,2019-12-20T03:00:00,campus
resi-0526,46.730272,-117.16449,2019-12-20T11:00:00,residential
camp-0038,46.73458,-117.16261,2019-12-20T17:00:00,campus
park-0908,46.718713,-117.181785,2019-12-24T02:00:00,park
resi-0689,46.725404,-117.127702,2019-12-24T21:00:00,residential
resi-0408,46.728777,-117.162794,2019-12-25T09:00:00,residential
resi-0875,46.732332,-117.141718,2019-12-25T21:00:00,residential
resi-0841,46.745,-117.129716,2019-12-26T22:00:00,residential
resi-0494,46.728959,-117.183558,2019-12-27T02:00:00,residential
resi-0712,46.732271,-117.135983,2019-12-27T23:00:00,residential
park-1149,46.718952,-117.183796,2019-12-28T04:00:00,park
resi-0798,46.730197,-117.137498,2020-01-02T02:00:00,residential
reta-1443,46.720901,-117.145043,2020-01-02T12:00:00,retail
park-1060,46.722781,-117.176432,2020-01-02T15:00:00,park
resi-0373,46.731362,-117.161573,2020-01-05T00:00:00,residential
reta-1454,46.729241,-117.132704,2020-01-05T22:00:00,retail
reta-1290,46.727053,-117.125376,2020-01-06T21:00:00,retail
resi-0434,46.722151,-117.162475,2020-01-08T15:00:00,residential
resi-0447,46.720556,-117.161623,2020-01-11T09:00:00,residential
resi-0385,46.735695,-117.156896,2020-01-11T13:00:00,residential
reta-1413,46.726324,-117.135722,2020-01-11T13:00:00,retail
park-1003,46.721961,-117.186483,2020-01-13T12:00:00,park
camp-0188,46.734281,-117.167566,2020-01-14T22:00:00,campus
resi-0562,46.727376,-117.168055,2020-01-15T04:00:00,residential
reta-1473,46.731162,-117.132051,2020-01-18T03:00:00,retail
resi-0437,46.72253,-117.157765,2020-01-18T15:00:00,residential
reta-1310,46.729486,-117.132203,2020-01-19T09:00:00,retail
camp-0207,46.730347,-117.156599,2020-01-19T14:00:00,campus
park-1108,46.715673,-117.176872,2020-01-19T18:00:00,park
resi-0705,46.735637,-117.140288,2020-01-19T20:00:00,residential
resi-0599,46.727103,-117.17897,2020-01-20T06:00:00,residential
park-1085,46.722218,-117.183521,2020-01-20T15:00:00,park
park-1069,46.720069,-117.174208,2020-01-22T09:00:00,park
park-1025,46.728527,-117.193186,2020-01-24T08:00:00,park
resi-0679,46.733241,-117.131713,2020-01-24T10:00:00,residential
park-1011,46.721771,-117.187754,2020-01-24T16:00:00,park
resi-0785,46.730668,-117.135208,2020-01-25T20:00:00,residential
resi-0524,46.731351,-117.163609,2020-01-25T21:00:00,residential
resi-0370,46.728893,-117.1628,2020-01-26T16:00:00,residential
reta-1330,46.72996,-117.129189,2020-01-26T23:00:00,retail
camp-0181,46.736129,-117.166298,2020-01-27T16:00:00,campus
resi-0738,46.727811,-117.142797,2020-02-01T06:00:00,residential
resi-0847,46.7434,-117.128487,2020-02-01T15:00:00,residential
resi-0650,46.736804,-117.140616,2020-02-01T19:00:00,residential
resi-0846,46.744148,-117.128268,2020-02-02T02:00:00,residential
camp-0164,46.734334,-117.161163,2020-02-02T22:00:00,campus
resi-0722,46.73045,-117.142147,2020-02-03T20:00:00,residential
resi-0306,46.730854,-117.168946,2020-02-04T01:00:00,residential
park-0959,46.719837,-117.177272,2020-02-04T09:00:00,park
park-1070,46.720684,-117.1761,2020-02-05T01:00:00,park
park-1131,46.715,-117.183184,2020-02-06T03:00:00,park
camp-0218,46.72998,-117.15951,2020-02-08T02:00:00,campus
camp-0291,46.723283,-117.146499,2020-02-08T05:00:00,campus
park-0903,46.719316,-117.179289,2020-02-08T14:00:00,park
reta-1366,46.733529,-117.129114,2020-02-09T10:00:00,retail
resi-0631,46.741553,-117.155279,2020-02-10T18:00:00,residential
park-1054,46.723404,-117.174645,2020-02-12T20:00:00,park
reta-1258,46.73001,-117.135262,2020-02-14T05:00:00,retail
reta-1362,46.731162,-117.125257,2020-02-15T09:00:00,retail
camp-0072,46.726488,-117.136947,2020-02-17T18:00:00,campus
camp-0034,46.735483,-117.164875,2020-02-18T21:00:00,campus
resi-0329,46.736843,-117.172279,2020-02-20T17:00:00,residential
resi-0820,46.742187,-117.143035,2020-02-21T09:00:00,residential
resi-0544,46.733108,-117.170536,2020-02-22T13:00:00,residential
camp-0074,46.726742,-117.13754,2020-02-22T22:00:00,campus
park-1058,46.721527,-117.17912,2020-02-23T04:00:00,park
camp-0062,46.728303,-117.147593,2020-02-23T21:00:00,campus
resi-0368,46.726498,-117.163833,2020-02-25T18:00:00,residential
park-1127,46.715724,-117.185346,2020-02-26T04:00:00,park
reta-1364,46.730853,-117.12869,2020-02-26T17:00:00,retail
reta-1255,46.730177,-117.136698,2020-02-26T20:00:00,retail
park-1004,46.723297,-117.187992,2020-02-27T18:00:00,park
reta-1481,46.731079,-117.132293,2020-03-02T05:00:00,retail
camp-0298,46.721411,-117.140675,2020-03-02T06:00:00,campus
camp-0063,46.727532,-117.148298,2020-03-02T07:00:00,campus
camp-0258,46.728644,-117.152116,2020-03-03T11:00:00,campus
resi-0616,46.738569,-117.156092,2020-03-03T21:00:00,residential
park-0976,46.725157,-117.174176,2020-03-05T02:00:00,park
resi-0410,46.727127,-117.160283,2020-03-06T10:00:00,residential
resi-0783,46.729365,-117.136506,2020-03-06T16:00:00,residential
reta-1450,46.729442,-117.132787,2020-03-07T10:00:00,retail
camp-0048,46.737964,-117.166812,2020-03-08T03:00:00,campus
park-0944,46.721208,-117.177,2020-03-08T19:00:00,park
resi-0799,46.729882,-117.135293,2020-03-10T06:00:00,residential
park-0986,46.724885,-117.173652,2020-03-10T10:00:00,park
reta-1202,46.73069,-117.137324,2020-03-10T16:00:00,retail
resi-0412,46.726944,-117.162445,2020-03-13T16:00:00,residential
reta-1476,46.730155,-117.133103,2020-03-13T18:00:00,retail
resi-0860,46.737023,-117.147835,2020-03-15T01:00:00,residential
park-1105,46.717938,-117.179754,2020-03-16T05:00:00,park
camp-0203,46.732228,-117.153116,2020-03-16T11:00:00,campus
resi-0362,46.726519,-117.166332,2020-03-16T20:00:00,residential
resi-0460,46.723217,-117.167465,2020-03-20T01:00:00,residential
reta-1464,46.731381,-117.128939,2020-03-20T06:00:00,retail
resi-0881,46.734719,-117.140681,2020-03-20T12:00:00,residential
resi-0425,46.725172,-117.165794,2020-03-20T15:00:00,residential
resi-0488,46.728686,-117.183141,2020-03-20T18:00:00,residential
resi-0652,46.736087,-117.138471,2020-03-20T19:00:00,residential
resi-0331,46.737153,-117.170858,2020-03-21T07:00:00,residential
resi-0867,46.734955,-117.144156,2020-03-22T03:00:00,residential
resi-0534,46.731741,-117.162787,2020-03-22T07:00:00,residential
resi-0688,46.727716,-117.127295,2020-03-24T16:00:00,residential
reta-1271,46.726915,-117.135361,2020-03-24T18:00:00,retail
park-1086,46.722635,-117.184505,2020-03-26T18:00:00,park
camp-0279,46.72107,-117.154444,2020-03-27T16:00:00,campus
park-1182,46.727897,-117.192758,2020-03-28T04:00:00,park
camp-0064,46.727383,-117.146465,2020-04-01T00:00:00,campus
reta-1227,46.724411,-117.134081,2020-04-01T02:00:00,retail
resi-0648,46.744143,-117.149436,2020-04-02T15:00:00,residential
camp-0113,46.726631,-117.153267,2020-04-02T18:00:00,campus
park-1041,46.724329,-117.195463,2020-04-04T23:00:00,park
resi-0355,46.726486,-117.166678,2020-04-05T02:00:00,residential
resi-0751,46.736537,-117.141011,2020-04-05T04:00:00,residential
resi-0525,46.730787,-117.163291,2020-04-06T21:00:00,residential
resi-0655,46.737233,-117.13642,2020-04-06T22:00:00,residential
resi-0700,46.737194,-117.143403,2020-04-07T09:00:00,residential
camp-0149,46.72204,-117.139855,2020-04-08T06:00:00,campus
reta-1247,46.727754,-117.144481,2020-04-08T20:00:00,retail
park-0980,46.724917,-117.175148,2020-04-09T21:00:00,park
resi-0453,46.726088,-117.166438,2020-04-14T20:00:00,residential
resi-0359,46.726159,-117.169126,2020-04-20T06:00:00,residential
park-0961,46.721073,-117.177593,2020-04-21T14:00:00,park
resi-0422,46.727463,-117.163818,2020-04-22T03:00:00,residential
resi-0775,46.733871,-117.130315,2020-04-22T12:00:00,residential
resi-0369,46.727917,-117.164463,2020-04-24T22:00:00,residential
camp-0244,46.732538,-117.163949,2020-04-25T21:00:00,campus
camp-0214,46.726932,-117.156658,2020-04-28T11:00:00,campus
resi-0518,46.73061,-117.163205,2020-05-01T21:00:00,residential
camp-0109,46.729517,-117.150216,2020-05-01T23:00:00,campus
resi-0636,46.741105,-117.154152,2020-05-02T11:00:00,residential
park-0990,46.725716,-117.175044,2020-05-02T13:00:00,park
resi-0546,46.734723,-117.172582,2020-05-04T06:00:00,residential
resi-0684,46.730794,-117.13099,2020-05-04T16:00:00,residential
camp-0280,46.721797,-117.152927,2020-05-05T05:00:00,campus
resi-0497,46.729273,-117.184761,2020-05-05T17:00:00,residential
park-0936,46.720427,-117.182276,2020-05-06T11:00:00,park
park-1181,46.726862,-117.192352,2020-05-06T21:00:00,park
park-0971,46.72338,-117.178136,2020-05-07T16:00:00,park
resi-0601,46.739487,-117.148407,2020-05-08T04:00:00,residential
resi-0826,46.74179,-117.14402,2020-05-08T10:00:00,residential
resi-0624,46.74218,-117.15243,2020-05-09T00:00:00,residential
resi-0474,46.724699,-117.183091,2020-05-09T19:00:00,residential
reta-1384,46.744102,-117.129975,2020-05-11T15:00:00,retail
resi-0317,46.736175,-117.169334,2020-05-12T12:00:00,residential
resi-0564,46.727568,-117.166347,2020-05-13T14:00:00,residential
park-0952,46.722201,-117.180318,2020-05-13T20:00:00,park
resi-0857,46.735466,-117.147016,2020-05-13T21:00:00,residential
resi-0745,46.728145,-117.143052,2020-05-15T06:00:00,residential
resi-0404,46.725848,-117.165064,2020-05-15T16:00:00,residential
resi-0628,46.74149,-117.153078,2020-05-16T19:00:00,residential
resi-0703,46.736558,-117.139986,2020-05-16T23:00:00,residential
park-1110,46.718096,-117.177759,2020-05-17T08:00:00,park
resi-0740,46.727072,-117.141549,2020-05-17T17:00:00,residential
resi-0540,46.732881,-117.164896,2020-05-17T21:00:00,residential
reta-1455,46.729867,-117.129824,2020-05-18T03:00:00,retail
reta-1354,46.732114,-117.132144,2020-05-18T19:00:00,retail
resi-0587,46.723036,-117.173072,2020-05-19T04:00:00,residential
reta-1376,46.738971,-117.130806,2020-05-20T04:00:00,retail
resi-0639,46.74343,-117.153175,2020-05-21T08:00:00,residential
resi-0504,46.727863,-117.166009,2020-05-22T06:00:00,residential
resi-0667,46.732302,-117.131975,2020-05-22T06:00:00,residential
park-0912,46.718864,-117.1847,2020-05-22T06:00:00,park
resi-0715,46.728898,-117.136683,2020-05-24T17:00:00,residential
resi-0418,46.72518,-117.160553,2020-05-27T13:00:00,residential
reta-1327,46.732257,-117.129764,2020-06-01T10:00:00,retail
reta-1275,46.729677,-117.13127,2020-06-02T09:00:00,retail
resi-0772,46.734189,-117.132678,2020-06-03T06:00:00,residential
camp-0082,46.72366,-117.136438,2020-06-03T10:00:00,campus
resi-0800,46.738089,-117.144171,2020-06-04T08:00:00,residential
resi-0411,46.72768,-117.161409,2020-06-04T16:00:00,residential
resi-0664,46.731578,-117.130746,2020-06-05T02:00:00,residential
reta-1495,46.736278,-117.127547,2020-06-06T02:00:00,retail
reta-1361,46.731331,-117.124762,2020-06-06T10:00:00,retail
resi-0514,46.730701,-117.165069,2020-06-09T14:00:00,residential
resi-0697,46.725281,-117.127037,2020-06-09T17:00:00,residential
reta-1218,46.723594,-117.137278,2020-06-10T06:00:00,retail
resi-0320,46.73524,-117.168567,2020-06-10T07:00:00,residential
park-0939,46.719887,-117.18289,2020-06-11T01:00:00,park
camp-0085,46.725116,-117.134483,2020-06-11T11:00:00,campus
resi-0467,46.724149,-117.17812,2020-06-11T12:00:00,residential
park-1138,46.715773,-117.184775,2020-06-12T13:00:00,park
reta-1441,46.721317,-117.143469,2020-06-14T01:00:00,retail
reta-1264,46.728101,-117.139173,2020-06-14T19:00:00,retail
resi-0897,46.73906,-117.148128,2020-06-15T17:00:00,residential
resi-0444,46.720892,-117.158444,2020-06-16T02:00:00,residential
resi-0833,46.740667,-117.138805,2020-06-17T14:00:00,residential
resi-0696,46.723689,-117.129996,2020-06-18T15:00:00,residential
park-1018,46.726007,-117.190548,2020-06-19T04:00:00,park
resi-0680,46.730947,-117.130044,2020-06-19T08:00:00,residential
resi-0647,46.744974,-117.149972,2020-06-20T02:00:00,residential
resi-0511,46.731108,-117.163372,2020-06-21T22:00:00,residential
resi-0337,46.734095,-117.167807,2020-06-22T00:00:00,residential
resi-0520,46.729207,-117.1661,2020-06-22T04:00:00,residential
park-1116,46.71915,-117.184522,2020-06-23T14:00:00,park
resi-0519,46.729528,-117.164428,2020-06-25T02:00:00,residential
resi-0361,46.726217,-117.165657,2020-06-26T11:00:00,residential
camp-0226,46.734691,-117.161486,2020-07-02T18:00:00,campus
reta-1468,46.733257,-117.129463,2020-07-03T12:00:00,retail
resi-0454,46.725812,-117.167389,2020-07-04T18:00:00,residential
park-0957,46.719807,-117.175965,2020-07-05T06:00:00,park
resi-0413,46.727477,-117.162541,2020-07-07T20:00:00,residential
park-1095,46.724956,-117.184203,2020-07-09T09:00:00,park
reta-1260,46.728714,-117.138783,2020-07-09T11:00:00,retail
resi-0314,46.733486,-117.169328,2020-07-09T21:00:00,residential
park-1068,46.719674,-117.172919,2020-07-10T03:00:00,park
park-0977,46.725616,-117.172677,2020-07-10T06:00:00,park
reta-1356,46.731806,-117.129851,2020-07-11T23:00:00,retail
reta-1445,46.72024,-117.142866,2020-07-12T08:00:00,retail
resi-0585,46.722395,-117.170215,2020-07-12T12:00:00,residential
reta-1440,46.72309,-117.144082,2020-07-13T02:00:00,retail
resi-0555,46.727734,-117.167091,2020-07-15T14:00:00,residential
camp-0000,46.730998,-117.155661,2020-07-16T21:00:00,campus
resi-0723,46.73109,-117.142466,2020-07-16T22:00:00,residential
camp-0200,46.732044,-117.153269,2020-07-20T01:00:00,campus
park-1066,46.720656,-117.17515,2020-07-20T19:00:00,park
camp-0155,46.733671,-117.15303,2020-07-20T23:00:00,campus
reta-1288,46.726783,-117.129636,2020-07-21T21:00:00,retail
camp-0051,46.73189,-117.153518,2020-07-22T07:00:00,campus
resi-0468,46.724332,-117.179128,2020-07-22T14:00:00,residential
camp-0163,46.733903,-117.1595,2020-07-22T18:00:00,campus
camp-0242,46.731248,-117.162332,2020-07-22T22:00:00,campus
resi-0825,46.741544,-117.142644,2020-07-24T20:00:00,residential
park-1128,46.715,-117.184458,2020-07-25T18:00:00,park
resi-0301,46.726309,-117.167597,2020-07-26T01:00:00,residential
camp-0208,46.729399,-117.157408,2020-07-26T08:00:00,campus
reta-1478,46.729339,-117.131262,2020-07-26T19:00:00,retail
camp-0035,46.73686,-117.164576,2020-07-27T13:00:00,campus
reta-1449,46.718368,-117.143198,2020-07-27T16:00:00,retail
resi-0898,46.739768,-117.149767,2020-08-01T21:00:00,residential
reta-1420,46.725883,-117.139194,2020-08-02T22:00:00,retail
park-1044,46.725681,-117.195657,2020-08-03T09:00:00,park
resi-0390,46.735514,-117.157454,2020-08-04T06:00:00,residential
park-1120,46.718315,-117.181998,2020-08-07T02:00:00,park
resi-0478,46.727339,-117.182532,2020-08-08T23:00:00,residential
resi-0602,46.739913,-117.148183,2020-08-09T15:00:00,residential
park-1167,46.728013,-117.185892,2020-08-10T00:00:00,park
reta-1282,46.727813,-117.126845,2020-08-10T01:00:00,retail
park-0909,46.718307,-117.18312,2020-08-13T22:00:00,park
resi-0326,46.735897,-117.172648,2020-08-14T08:00:00,residential
resi-0403,46.726004,-117.16624,2020-08-14T13:00:00,residential
reta-1380,46.741504,-117.130063,2020-08-15T12:00:00,retail
reta-1466,46.731995,-117.129408,2020-08-17T00:00:00,retail
resi-0475,46.72504,-117.181147,2020-08-19T15:00:00,residential
resi-0819,46.742501,-117.141124,2020-08-20T07:00:00,residential
resi-0458,46.725684,-117.16831,2020-08-21T11:00:00,residential
resi-0445,46.719319,-117.159847,2020-08-22T09:00:00,residential
reta-1418,46.726218,-117.140556,2020-08-23T04:00:00,retail
reta-1207,46.728219,-117.137055,2020-08-23T05:00:00,retail
camp-0100,46.73088,-117.153122,2020-08-23T16:00:00,campus
park-0932,46.721205,-117.184482,2020-08-23T18:00:00,park
resi-0598,46.725912,-117.176901,2020-08-25T01:00:00,residential
resi-0780,46.729772,-117.13363,2020-08-25T22:00:00,residential
camp-0192,46.732905,-117.168245,2020-08-28T20:00:00,campus
camp-0107,46.730488,-117.150714,2020-09-01T03:00:00,campus
resi-0476,46.725929,-117.18068,2020-09-01T09:00:00,residential
resi-0661,46.732589,-117.13491,2020-09-01T21:00:00,residential
park-0948,46.721274,-117.176471,2020-09-02T02:00:00,park
resi-0815,46.744983,-117.139762,2020-09-02T19:00:00,residential
resi-0364,46.727317,-117.162574,2020-09-04T06:00:00,residential
reta-1487,46.732405,-117.129341,2020-09-04T07:00:00,retail
resi-0657,46.737643,-117.133854,2020-09-04T16:00:00,residential
camp-0268,46.723884,-117.148957,2020-09-06T00:00:00,campus
resi-0482,46.728831,-117.17839,2020-09-06T16:00:00,residential
park-1176,46.72729,-117.190444,2020-09-06T18:00:00,park
resi-0710,46.731418,-117.135941,2020-09-06T19:00:00,residential
resi-0451,46.725283,-117.168557,2020-09-08T23:00:00,residential
resi-0486,46.729383,-117.179334,2020-09-10T09:00:00,residential
camp-0052,46.731438,-117.153103,2020-09-10T18:00:00,campus
camp-0194,46.735549,-117.169691,2020-09-10T20:00:00,campus
resi-0787,46.730421,-117.132846,2020-09-12T08:00:00,residential
reta-1351,46.728938,-117.133997,2020-09-13T02:00:00,retail
park-1032,46.725619,-117.192014,2020-09-13T11:00:00,park
camp-0193,46.733796,-117.169423,2020-09-14T22:00:00,campus
camp-0281,46.722434,-117.152262,2020-09-15T07:00:00,campus
park-0963,46.72099,-117.177158,2020-09-17T23:00:00,park
reta-1386,46.744765,-117.129551,2020-09-21T04:00:00,retail
reta-1471,46.731647,-117.129076,2020-09-21T11:00:00,retail
camp-0253,46.731506,-117.152153,2020-09-21T16:00:00,campus
reta-1346,46.729846,-117.124486,2020-09-22T06:00:00,retail
camp-0238,46.729905,-117.159594,2020-09-22T07:00:00,campus
park-1031,46.7262,-117.192257,2020-09-23T18:00:00,park
resi-0755,46.73462,-117.137859,2020-09-23T18:00:00,residential
park-1077,46.72174,-117.181372,2020-09-27T08:00:00,park
resi-0499,46.72748,-117.182268,2020-10-01T08:00:00,residential
camp-0097,46.721648,-117.130631,2020-10-01T09:00:00,campus
resi-0597,46.726394,-117.175253,2020-10-01T12:00:00,residential
resi-0752,46.735698,-117.140529,2020-10-01T18:00:00,residential
park-0906,46.718724,-117.180102,2020-10-03T01:00:00,park
reta-1230,46.725817,-117.135248,2020-10-03T12:00:00,retail
park-0916,46.721385,-117.181847,2020-10-03T22:00:00,park
park-1126,46.716815,-117.184056,2020-10-06T06:00:00,park
resi-0357,46.726703,-117.168584,2020-10-09T00:00:00,residential
camp-0259,46.727764,-117.153073,2020-10-10T11:00:00,campus
park-1076,46.721303,-117.180959,2020-10-13T00:00:00,park
resi-0461,46.723127,-117.167842,2020-10-13T01:00:00,residential
camp-0260,46.726577,-117.152593,2020-10-13T01:00:00,campus
park-1081,46.722127,-117.183831,2020-10-18T12:00:00,park
camp-0029,46.734728,-117.169479,2020-10-18T20:00:00,campus
park-0945,46.722071,-117.17751,2020-10-19T01:00:00,park
resi-0630,46.742093,-117.152725,2020-10-20T03:00:00,residential
reta-1214,46.723094,-117.135574,2020-10-20T23:00:00,retail
camp-0039,46.735907,-117.161695,2020-10-21T07:00:00,campus
camp-0083,46.724569,-117.136428,2020-10-21T17:00:00,campus
park-1189,46.727213,-117.199507,2020-10-22T06:00:00,park
resi-0822,46.742621,-117.141905,2020-10-22T08:00:00,residential
resi-0644,46.744086,-117.149695,2020-10-22T16:00:00,residential
camp-0210,46.728561,-117.157305,2020-10-23T00:00:00,campus
camp-0140,46.72016,-117.142992,2020-10-23T16:00:00,campus
resi-0330,46.736245,-117.172515,2020-10-26T07:00:00,residential
park-0992,46.727319,-117.17849,2020-10-27T22:00:00,park
park-0995,46.725484,-117.178816,2020-11-03T18:00:00,park
resi-0880,46.734313,-117.142945,2020-11-04T00:00:00,residential
camp-0027,46.735486,-117.167573,2020-11-05T14:00:00,campus
resi-0570,46.727325,-117.16915,2020-11-06T16:00:00,residential
reta-1358,46.730131,-117.123842,2020-11-07T03:00:00,retail
resi-0724,46.731803,-117.141947,2020-11-08T00:00:00,residential
camp-0066,46.728103,-117.143754,2020-11-08T07:00:00,campus
camp-0296,46.720842,-117.144665,2020-11-08T16:00:00,campus
resi-0426,46.725637,-117.164384,2020-11-08T21:00:00,residential
reta-1323,46.730621,-117.129396,2020-11-11T12:00:00,retail
camp-0168,46.735075,-117.161953,2020-11-13T08:00:00,campus
camp-0167,46.736229,-117.162612,2020-11-14T12:00:00,campus
resi-0713,46.731023,-117.135239,2020-11-16T03:00:00,residential
park-1028,46.727195,-117.193094,2020-11-16T15:00:00,park
resi-0495,46.728341,-117.184219,2020-11-17T15:00:00,residential
reta-1357,46.731056,-117.128849,2020-11-18T00:00:00,retail
resi-0845,46.744318,-117.127977,2020-11-19T03:00:00,residential
camp-0092,46.722524,-117.132573,2020-11-19T16:00:00,campus
park-1073,46.719626,-117.179507,2020-11-19T20:00:00,park
resi-0435,46.722992,-117.161115,2020-11-19T23:00:00,residential
resi-0866,46.735916,-117.144269,2020-11-21T17:00:00,residential
park-0962,46.720516,-117.177062,2020-11-22T20:00:00,park
reta-1287,46.725899,-117.127562,2020-11-23T05:00:00,retail
park-1139,46.715988,-117.183358,2020-11-23T20:00:00,park
reta-1268,46.72841,-117.139169,2020-11-24T19:00:00,retail
reta-1457,46.729394,-117.129172,2020-11-24T19:00:00,retail
park-0918,46.721452,-117.182254,2020-11-25T20:00:00,park
park-0965,46.721575,-117.176681,2020-11-25T23:00:00,park
resi-0727,46.729865,-117.142561,2020-11-26T12:00:00,residential
camp-0073,46.727093,-117.137393,2020-11-26T17:00:00,campus
park-1084,46.721938,-117.182821,2020-11-26T22:00:00,park
resi-0719,46.730604,-117.13858,2020-11-28T00:00:00,residential
camp-0020,46.736184,-117.162304,2020-11-28T08:00:00,campus
resi-0472,46.723888,-117.18452,2020-11-28T12:00:00,residential
reta-1244,46.727843,-117.145615,2020-11-28T15:00:00,retail
resi-0835,46.740263,-117.136239,2020-12-01T14:00:00,residential
park-1193,46.726422,-117.2,2020-12-02T10:00:00,park
resi-0788,46.728735,-117.134424,2020-12-02T11:00:00,residential
park-1093,46.725889,-117.181874,2020-12-02T21:00:00,park
resi-0372,46.730046,-117.162157,2020-12-03T11:00:00,residential
reta-1307,46.730992,-117.132455,2020-12-07T05:00:00,retail
reta-1401,46.728134,-117.135777,2020-12-09T10:00:00,retail
park-1156,46.725654,-117.182436,2020-12-09T21:00:00,park
resi-0341,46.736038,-117.165694,2020-12-10T05:00:00,residential
resi-0617,46.73948,-117.156263,2020-12-11T04:00:00,residential
resi-0735,46.728687,-117.143119,2020-12-12T19:00:00,residential
park-0929,46.722351,-117.178982,2020-12-18T00:00:00,park
camp-0032,46.735026,-117.165943,2020-12-19T17:00:00,campus
camp-0136,46.721693,-117.143414,2020-12-19T18:00:00,campus
reta-1444,46.721328,-117.144882,2020-12-20T17:00:00,retail
reta-1430,46.727459,-117.14595,2020-12-22T03:00:00,retail
camp-0065,46.727416,-117.145199,2020-12-22T07:00:00,campus
camp-0264,46.72479,-117.150864,2020-12-22T08:00:00,campus
resi-0682,46.730906,-117.128547,2020-12-23T22:00:00,residential
resi-0793,46.731084,-117.135306,2020-12-25T04:00:00,residential
resi-0400,46.726893,-117.16806,2020-12-25T15:00:00,residential
resi-0556,46.726724,-117.166996,2020-12-26T11:00:00,residential
resi-0464,46.723721,-117.174414,2020-12-26T13:00:00,residential
camp-0143,46.718906,-117.141596,2020-12-26T22:00:00,campus
park-1114,46.718104,-117.183878,2020-12-27T16:00:00,park
camp-0227,46.732227,-117.160446,2021-01-03T17:00:00,campus
camp-0222,46.735438,-117.159525,2021-01-08T17:00:00,campus
resi-0363,46.726857,-117.16286,2021-01-10T01:00:00,residential
reta-1305,46.728359,-117.13658,2021-01-12T03:00:00,retail
park-1088,46.725801,-117.184127,2021-01-12T08:00:00,park
resi-0366,46.726968,-117.164666,2021-01-12T13:00:00,residential
resi-0861,46.736735,-117.148076,2021-01-13T01:00:00,residential
resi-0596,46.726622,-117.17874,2021-01-14T16:00:00,residential
park-1112,46.719189,-117.181096,2021-01-14T17:00:00,park
park-1163,46.727325,-117.186766,2021-01-15T02:00:00,park
resi-0894,46.737334,-117.14689,2021-01-16T19:00:00,residential
reta-1469,46.733134,-117.129651,2021-01-16T22:00:00,retail
camp-0236,46.729844,-117.157853,2021-01-17T22:00:00,campus
camp-0294,46.722831,-117.146101,2021-01-18T11:00:00,campus
camp-0138,46.720534,-117.140982,2021-01-18T23:00:00,campus
reta-1371,46.73599,-117.127363,2021-01-19T05:00:00,retail
park-1199,46.726235,-117.197624,2021-01-19T20:00:00,park
resi-0811,46.743599,-117.142516,2021-01-20T05:00:00,residential
camp-0105,46.72993,-117.150567,2021-01-20T20:00:00,campus
reta-1336,46.729479,-117.129325,2021-01-21T07:00:00,retail
reta-1438,46.723809,-117.146703,2021-01-22T06:00:00,retail
resi-0312,46.73269,-117.169008,2021-01-22T10:00:00,residential
reta-1261,46.727203,-117.138017,2021-01-23T12:00:00,retail
camp-0018,46.736318,-117.162179,2021-01-23T13:00:00,campus
park-0925,46.720977,-117.179996,2021-01-23T20:00:00,park
park-1027,46.7277,-117.191996,2021-01-23T22:00:00,park
resi-0768,46.737318,-117.133356,2021-01-24T00:00:00,residential
reta-1348,46.730483,-117.126265,2021-01-25T14:00:00,retail
resi-0439,46.722114,-117.15601,2021-01-26T06:00:00,residential
park-0998,46.725076,-117.176985,2021-01-26T07:00:00,park
park-1179,46.726921,-117.186838,2021-01-27T02:00:00,park
camp-0080,46.723622,-117.135613,2021-01-27T06:00:00,campus
park-1090,46.727197,-117.185775,2021-01-27T08:00:00,park
camp-0182,46.736948,-117.166819,2021-01-28T04:00:00,campus
park-0955,46.721486,-117.177633,2021-01-28T12:00:00,park
resi-0581,46.723517,-117.168931,2021-02-01T19:00:00,residential
camp-0088,46.72407,-117.136133,2021-02-02T00:00:00,campus
camp-0179,46.735856,-117.165383,2021-02-02T13:00:00,campus
resi-0855,46.736445,-117.143732,2021-02-03T11:00:00,residential
resi-0553,46.726176,-117.167357,2021-02-03T19:00:00,residential
camp-0011,46.734746,-117.16518,2021-02-05T08:00:00,campus
park-1036,46.727633,-117.19442,2021-02-07T19:00:00,park
resi-0308,46.73188,-117.16816,2021-02-08T00:00:00,residential
reta-1451,46.728415,-117.132463,2021-02-08T13:00:00,retail
camp-0262,46.725251,-117.150664,2021-02-08T13:00:00,campus
reta-1283,46.728665,-117.128717,2021-02-10T03:00:00,retail
reta-1239,46.72698,-117.140839,2021-02-10T07:00:00,retail
park-1024,46.728459,-117.193185,2021-02-10T17:00:00,park
reta-1435,46.725794,-117.145508,2021-02-11T13:00:00,retail
resi-0764,46.736055,-117.134209,2021-02-12T19:00:00,residential
reta-1365,46.731609,-117.128124,2021-02-12T23:00:00,retail
camp-0069,46.728518,-117.138592,2021-02-12T23:00:00,campus
park-1043,46.725004,-117.194017,2021-02-13T22:00:00,park
reta-1437,46.724593,-117.144689,2021-02-14T04:00:00,retail
camp-0133,46.723361,-117.140473,2021-02-15T12:00:00,campus
park-0958,46.718508,-117.177988,2021-02-15T16:00:00,park
camp-0003,46.73021,-117.159524,2021-02-15T19:00:00,campus
park-0928,46.722857,-117.181431,2021-02-16T01:00:00,park
resi-0501,46.72768,-117.167111,2021-02-18T13:00:00,residential
resi-0877,46.733251,-117.140824,2021-02-19T10:00:00,residential
resi-0757,46.734976,-117.136119,2021-02-22T13:00:00,residential
camp-0265,46.72422,-117.150054,2021-02-22T14:00:00,campus
resi-0457,46.725546,-117.167061,2021-02-23T01:00:00,residential
reta-1426,46.725943,-117.142887,2021-02-24T04:00:00,retail
reta-1211,46.72569,-117.135122,2021-02-26T21:00:00,retail
reta-1281,46.727052,-117.128734,2021-02-26T22:00:00,retail
park-1162,46.727709,-117.186195,2021-02-27T05:00:00,park
camp-0232,46.730387,-117.159707,2021-02-27T10:00:00,campus
resi-0537,46.732351,-117.16789,2021-02-28T17:00:00,residential
camp-0169,46.735557,-117.163167,2021-02-28T22:00:00,campus
camp-0047,46.737526,-117.163297,2021-02-28T22:00:00,campus
resi-0417,46.724496,-117.161246,2021-03-02T04:00:00,residential
resi-0419,46.726954,-117.162064,2021-03-02T19:00:00,residential
camp-0131,46.726228,-117.141326,2021-03-04T20:00:00,campus
camp-0084,46.724625,-117.135205,2021-03-04T20:00:00,campus
resi-0450,46.726237,-117.166761,2021-03-04T23:00:00,residential
reta-1411,46.726369,-117.138689,2021-03-06T00:00:00,retail
camp-0002,46.729443,-117.157536,2021-03-06T01:00:00,campus
camp-0234,46.730096,-117.161063,2021-03-06T02:00:00,campus
resi-0852,46.73536,-117.144472,2021-03-06T07:00:00,residential
resi-0672,46.731042,-117.135475,2021-03-06T12:00:00,residential
park-1034,46.725643,-117.193326,2021-03-06T20:00:00,park
reta-1240,46.726783,-117.142152,2021-03-11T13:00:00,retail
reta-1442,46.72107,-117.143407,2021-03-11T14:00:00,retail
reta-1397,46.744287,-117.135313,2021-03-11T14:00:00,retail
camp-0076,46.725139,-117.139937,2021-03-12T11:00:00,campus
park-1072,46.719857,-117.177702,2021-03-13T02:00:00,park
park-1119,46.717739,-117.182935,2021-03-13T11:00:00,park
resi-0739,46.727935,-117.141704,2021-03-13T18:00:00,residential
park-1005,46.723735,-117.189186,2021-03-15T04:00:00,park
resi-0844,46.744577,-117.128568,2021-03-20T21:00:00,residential
camp-0102,46.730288,-117.152577,2021-03-20T21:00:00,campus
park-1015,46.72357,-117.189593,2021-03-22T12:00:00,park
resi-0349,46.737811,-117.16754,2021-03-24T07:00:00,residential
park-1187,46.727308,-117.197584,2021-03-25T04:00:00,park
resi-0887,46.731902,-117.144195,2021-03-26T15:00:00,residential
resi-0316,46.736605,-117.169828,2021-03-26T18:00:00,residential
resi-0656,46.737386,-117.135502,2021-03-26T20:00:00,residential
resi-0395,46.737593,-117.158777,2021-03-28T02:00:00,residential
camp-0235,46.729989,-117.159386,2021-03-28T22:00:00,campus
reta-1470,46.731509,-117.129455,2021-04-05T09:00:00,retail
resi-0651,46.735306,-117.139626,2021-04-07T02:00:00,residential
park-1082,46.7221,-117.181466,2021-04-07T03:00:00,park
park-1133,46.715157,-117.185388,2021-04-07T14:00:00,park
park-1055,46.722548,-117.176234,2021-04-08T05:00:00,park
camp-0289,46.724365,-117.145691,2021-04-08T08:00:00,campus
resi-0670,46.733105,-117.134098,2021-04-08T09:00:00,residential
resi-0394,46.736871,-117.159743,2021-04-08T14:00:00,residential
camp-0247,46.73129,-117.163927,2021-04-08T16:00:00,campus
resi-0382,46.734834,-117.156343,2021-04-08T20:00:00,residential
resi-0808,46.742093,-117.143589,2021-04-08T22:00:00,residential
park-1132,46.715,-117.183816,2021-04-11T17:00:00,park
resi-0563,46.72741,-117.166899,2021-04-11T18:00:00,residential
reta-1328,46.731603,-117.128413,2021-04-12T16:00:00,retail
camp-0006,46.731604,-117.163216,2021-04-15T07:00:00,campus
resi-0503,46.728588,-117.167681,2021-04-15T11:00:00,residential
park-1009,46.723014,-117.187143,2021-04-16T10:00:00,park
camp-0001,46.730782,-117.156345,2021-04-16T21:00:00,campus
reta-1372,46.736903,-117.127893,2021-04-17T07:00:00,retail
park-1166,46.727259,-117.187574,2021-04-17T11:00:00,park
reta-1266,46.727146,-117.138832,2021-04-17T13:00:00,retail
park-1075,46.720339,-117.18191,2021-04-20T00:00:00,park
camp-0204,46.732939,-117.152311,2021-04-20T05:00:00,campus
resi-0521,46.730176,-117.165561,2021-04-20T09:00:00,residential
park-1023,46.728332,-117.191156,2021-04-20T10:00:00,park
park-1040,46.723389,-117.194707,2021-04-20T20:00:00,park
reta-1378,46.740959,-117.132129,2021-04-22T06:00:00,retail
resi-0606,46.739097,-117.151389,2021-04-22T09:00:00,residential
resi-0500,46.726706,-117.167678,2021-04-22T23:00:00,residential
camp-0255,46.729157,-117.15252,2021-04-23T21:00:00,campus
camp-0079,46.723303,-117.13619,2021-04-24T21:00:00,campus
reta-1221,46.723106,-117.135188,2021-04-27T00:00:00,retail
resi-0823,46.741279,-117.141871,2021-04-27T07:00:00,residential
resi-0829,46.74109,-117.139808,2021-04-27T18:00:00,residential
park-1197,46.72614,-117.2,2021-04-28T00:00:00,park
resi-0638,46.742483,-117.153413,2021-05-03T04:00:00,residential
resi-0717,46.730427,-117.13931,2021-05-03T19:00:00,residential
resi-0778,46.7319,-117.132342,2021-05-04T12:00:00,residential
resi-0765,46.736568,-117.135541,2021-05-05T08:00:00,residential
reta-1499,46.736453,-117.130633,2021-05-05T15:00:00,retail
resi-0614,46.73839,-117.152706,2021-05-05T21:00:00,residential
resi-0848,46.743023,-117.12907,2021-05-06T00:00:00,residential
resi-0302,46.726561,-117.16895,2021-05-09T02:00:00,residential
park-1145,46.716614,-117.186346,2021-05-09T12:00:00,park
camp-0010,46.735917,-117.164517,2021-05-09T17:00:00,campus
resi-0869,46.736498,-117.141906,2021-05-10T01:00:00,residential
camp-0270,46.724657,-117.149964,2021-05-11T04:00:00,campus
camp-0017,46.73417,-117.162414,2021-05-12T12:00:00,campus
reta-1246,46.728887,-117.145214,2021-05-14T09:00:00,retail
camp-0293,46.722004,-117.146436,2021-05-15T14:00:00,campus
park-0901,46.721535,-117.178982,2021-05-16T08:00:00,park
park-1021,46.728489,-117.191455,2021-05-17T21:00:00,park
camp-0239,46.730004,-117.157251,2021-05-19T02:00:00,campus
resi-0611,46.739181,-117.153916,2021-05-19T13:00:00,residential
resi-0560,46.724924,-117.166697,2021-05-19T21:00:00,residential
camp-0054,46.731186,-117.151495,2021-05-19T21:00:00,campus
resi-0491,46.730046,-117.181941,2021-05-20T05:00:00,residential
resi-0498,46.727929,-117.185099,2021-05-20T09:00:00,residential
park-1153,46.724058,-117.181974,2021-05-20T14:00:00,park
park-1074,46.720938,-117.180299,2021-05-20T20:00:00,park
camp-0261,46.7263,-117.151656,2021-05-21T19:00:00,campus
resi-0896,46.737719,-117.147046,2021-05-21T20:00:00,residential
park-1094,46.725722,-117.182712,2021-05-22T08:00:00,park
camp-0221,46.734541,-117.158276,2021-05-23T19:00:00,campus
resi-0440,46.72253,-117.156846,2021-05-23T21:00:00,residential
resi-0759,46.737008,-117.134693,2021-05-24T01:00:00,residential
resi-0594,46.725308,-117.17779,2021-05-24T10:00:00,residential
park-1155,46.724172,-117.181481,2021-05-26T22:00:00,park
reta-1280,46.726363,-117.130378,2021-06-01T00:00:00,retail
park-1150,46.722743,-117.180164,2021-06-02T01:00:00,park
resi-0618,46.739997,-117.155998,2021-06-03T12:00:00,residential
resi-0509,46.731478,-117.162693,2021-06-05T11:00:00,residential
park-0989,46.726571,-117.175021,2021-06-05T22:00:00,park
resi-0747,46.730184,-117.143685,2021-06-07T08:00:00,residential
park-1097,46.723635,-117.186046,2021-06-08T07:00:00,park
resi-0580,46.724264,-117.169588,2021-06-09T07:00:00,residential
resi-0572,46.725815,-117.170709,2021-06-09T13:00:00,residential
park-0956,46.721155,-117.179392,2021-06-10T01:00:00,park
resi-0354,46.72589,-117.168028,2021-06-10T04:00:00,residential
resi-0816,46.743285,-117.141307,2021-06-10T12:00:00,residential
park-1030,46.725864,-117.192097,2021-06-10T18:00:00,park
park-1172,46.726403,-117.185341,2021-06-11T14:00:00,park
reta-1447,46.718991,-117.142745,2021-06-13T20:00:00,retail
park-1078,46.720839,-117.181303,2021-06-14T08:00:00,park
camp-0173,46.734529,-117.166189,2021-06-14T10:00:00,campus
resi-0784,46.730078,-117.137099,2021-06-14T16:00:00,residential
reta-1331,46.728329,-117.128615,2021-06-16T06:00:00,retail
resi-0470,46.724258,-117.181663,2021-06-16T08:00:00,residential
reta-1395,46.744573,-117.133042,2021-06-17T10:00:00,retail
resi-0782,46.72842,-117.138412,2021-06-17T21:00:00,residential
park-0902,46.720442,-117.179405,2021-06-18T12:00:00,park
reta-1404,46.727146,-117.136685,2021-06-19T12:00:00,retail
reta-1421,46.726236,-117.137729,2021-06-21T00:00:00,retail
camp-0126,46.72746,-117.140533,2021-06-22T02:00:00,campus
camp-0118,46.726844,-117.148668,2021-06-22T20:00:00,campus
park-0969,46.721205,-117.17571,2021-06-22T21:00:00,park
resi-0522,46.731323,-117.164253,2021-06-25T11:00:00,residential
reta-1291,46.726402,-117.12511,2021-06-25T14:00:00,retail
reta-1215,46.723546,-117.136029,2021-06-28T03:00:00,retail
camp-0021,46.735854,-117.162465,2021-06-28T03:00:00,campus
resi-0377,46.735749,-117.156108,2021-06-28T16:00:00,residential
camp-0246,46.732055,-117.16288,2021-07-01T00:00:00,campus
park-1107,46.716826,-117.175848,2021-07-01T05:00:00,park
resi-0734,46.728419,-117.141109,2021-07-02T21:00:00,residential
reta-1205,46.729732,-117.137834,2021-07-06T14:00:00,retail
resi-0558,46.727236,-117.163799,2021-07-06T20:00:00,residential
camp-0288,46.723685,-117.146897,2021-07-07T10:00:00,campus
resi-0673,46.729647,-117.135708,2021-07-09T05:00:00,residential
resi-0376,46.735923,-117.156937,2021-07-09T13:00:00,residential
camp-0225,46.734846,-117.160134,2021-07-09T17:00:00,campus
park-1194,46.726413,-117.2,2021-07-10T17:00:00,park
resi-0728,46.730506,-117.141304,2021-07-11T16:00:00,residential
camp-0190,46.733002,-117.170156,2021-07-12T17:00:00,campus
resi-0356,46.7272,-117.16724,2021-07-13T16:00:00,residential
reta-1383,46.744447,-117.129223,2021-07-14T09:00:00,retail
reta-1448,46.719495,-117.142903,2021-07-15T14:00:00,retail
resi-0324,46.733561,-117.172204,2021-07-15T19:00:00,residential
resi-0378,46.736165,-117.155018,2021-07-16T19:00:00,residential
resi-0483,46.729051,-117.178015,2021-07-17T13:00:00,residential
reta-1229,46.725286,-117.135715,2021-07-18T22:00:00,retail
reta-1242,46.727757,-117.144646,2021-07-23T20:00:00,retail
reta-1329,46.730648,-117.129789,2021-07-24T18:00:00,retail
resi-0872,46.734561,-117.142009,2021-07-25T18:00:00,residential
resi-0771,46.736577,-117.133178,2021-07-26T21:00:00,residential
camp-0217,46.728698,-117.158,2021-07-27T03:00:00,campus
park-1122,46.717304,-117.182968,2021-07-27T13:00:00,park
resi-0506,46.728192,-117.164712,2021-08-02T14:00:00,residential
resi-0726,46.73048,-117.140737,2021-08-03T19:00:00,residential
resi-0889,46.731953,-117.144449,2021-08-05T09:00:00,residential
reta-1297,46.724198,-117.123482,2021-08-05T12:00:00,retail
resi-0763,46.736538,-117.136294,2021-08-07T03:00:00,residential
reta-1316,46.730835,-117.131812,2021-08-07T18:00:00,retail
resi-0586,46.723784,-117.170831,2021-08-08T01:00:00,residential
reta-1403,46.727322,-117.137649,2021-08-09T20:00:00,retail
resi-0774,46.733743,-117.130903,2021-08-11T13:00:00,residential
reta-1428,46.725773,-117.145112,2021-08-12T04:00:00,retail
reta-1433,46.726587,-117.144427,2021-08-13T19:00:00,retail
camp-0269,46.724853,-117.149537,2021-08-15T03:00:00,campus
resi-0333,46.735222,-117.170507,2021-08-15T16:00:00,residential
resi-0576,46.721859,-117.170305,2021-08-15T17:00:00,residential
camp-0093,46.721636,-117.132172,2021-08-15T23:00:00,campus
resi-0729,46.729932,-117.140664,2021-08-16T10:00:00,residential
park-1118,46.717855,-117.184247,2021-08-16T18:00:00,park
camp-0096,46.721213,-117.129945,2021-08-17T04:00:00,campus
park-0934,46.720203,-117.184059,2021-08-18T13:00:00,park
resi-0654,46.736593,-117.137497,2021-08-19T12:00:00,residential
park-0949,46.721331,-117.178529,2021-08-20T02:00:00,park
resi-0707,46.734458,-117.138778,2021-08-20T16:00:00,residential
camp-0254,46.730438,-117.15284,2021-08-21T14:00:00,campus
camp-0022,46.735732,-117.163542,2021-08-22T08:00:00,campus
resi-0449,46.720111,-117.159328,2021-08-22T17:00:00,residential
reta-1439,46.72345,-117.144051,2021-08-23T00:00:00,retail
camp-0013,46.734365,-117.162609,2021-08-24T13:00:00,campus
park-1142,46.717315,-117.184703,2021-08-26T00:00:00,park
resi-0658,46.736092,-117.136053,2021-08-28T05:00:00,residential
camp-0045,46.735889,-117.162476,2021-09-01T18:00:00,campus
reta-1347,46.728952,-117.124731,2021-09-02T11:00:00,retail
camp-0237,46.72963,-117.158348,2021-09-03T23:00:00,campus
resi-0332,46.736342,-117.1701,2021-09-05T17:00:00,residential
reta-1325,46.732235,-117.130042,2021-09-05T18:00:00,retail
camp-0139,46.720921,-117.142943,2021-09-06T02:00:00,campus
park-1113,46.718326,-117.181427,2021-09-07T16:00:00,park
resi-0433,46.723564,-117.16289,2021-09-08T06:00:00,residential
camp-0233,46.731584,-117.160127,2021-09-09T06:00:00,campus
reta-1223,46.721561,-117.137111,2021-09-10T08:00:00,retail
resi-0338,46.734557,-117.168504,2021-09-12T01:00:00,residential
camp-0091,46.723099,-117.133332,2021-09-12T20:00:00,campus
resi-0796,46.730226,-117.135526,2021-09-16T05:00:00,residential
park-0943,46.720572,-117.178206,2021-09-16T07:00:00,park
camp-0147,46.72029,-117.140025,2021-09-16T16:00:00,campus
camp-0070,46.727936,-117.138074,2021-09-17T11:00:00,campus
resi-0510,46.73212,-117.161887,2021-09-17T14:00:00,residential
park-0921,46.718674,-117.178622,2021-09-18T13:00:00,park
reta-1250,46.729523,-117.13589,2021-09-19T00:00:00,retail
resi-0792,46.731472,-117.133746,2021-09-20T01:00:00,residential
resi-0310,46.732275,-117.16935,2021-09-20T14:00:00,residential
camp-0276,46.720643,-117.154358,2021-09-20T22:00:00,campus
resi-0605,46.739441,-117.149012,2021-09-20T23:00:00,residential
camp-0206,46.73052,-117.156291,2021-09-21T00:00:00,campus
reta-1377,46.740551,-117.130464,2021-09-22T04:00:00,retail
resi-0588,46.722821,-117.173885,2021-09-22T06:00:00,residential
resi-0797,46.72962,-117.137237,2021-09-23T08:00:00,residential
resi-0779,46.731178,-117.134099,2021-09-24T10:00:00,residential
camp-0040,46.736625,-117.161223,2021-09-26T01:00:00,campus
reta-1349,46.729328,-117.126465,2021-09-26T06:00:00,retail
park-1115,46.717164,-117.182192,2021-09-26T21:00:00,park
reta-1292,46.726882,-117.12507,2021-09-27T02:00:00,retail
reta-1373,46.738605,-117.128744,2021-09-27T17:00:00,retail
resi-0720,46.731486,-117.138748,2021-09-27T21:00:00,residential
reta-1340,46.728085,-117.127606,2021-09-28T05:00:00,retail
resi-0760,46.736904,-117.134878,2021-09-28T18:00:00,residential
park-1144,46.718202,-117.185219,2021-10-01T05:00:00,park
camp-0165,46.735171,-117.161328,2021-10-01T19:00:00,campus
resi-0568,46.727378,-117.165001,2021-10-02T03:00:00,residential
park-1135,46.715,-117.18287,2021-10-02T03:00:00,park
resi-0384,46.734992,-117.156617,2021-10-04T02:00:00,residential
resi-0758,46.736437,-117.134683,2021-10-06T07:00:00,residential
resi-0360,46.724925,-117.168297,2021-10-06T10:00:00,residential
camp-0273,46.722611,-117.151757,2021-10-08T05:00:00,campus
camp-0099,46.720339,-117.128885,2021-10-08T06:00:00,campus
camp-0095,46.721241,-117.131656,2021-10-11T04:00:00,campus
reta-1343,46.728764,-117.126041,2021-10-11T11:00:00,retail
camp-0121,46.729624,-117.145641,2021-10-11T17:00:00,campus
park-0994,46.725487,-117.17918,2021-10-11T23:00:00,park
camp-0090,46.722728,-117.133894,2021-10-12T08:00:00,campus
resi-0402,46.726497,-117.166497,2021-10-12T11:00:00,residential
park-0960,46.720735,-117.177769,2021-10-12T16:00:00,park
reta-1436,46.725213,-117.145906,2021-10-13T13:00:00,retail
reta-1313,46.730722,-117.132203,2021-10-13T19:00:00,retail
resi-0429,46.724707,-117.163035,2021-10-13T21:00:00,residential
resi-0459,46.724936,-117.167887,2021-10-17T02:00:00,residential
resi-0505,46.728107,-117.165347,2021-10-17T06:00:00,residential
camp-0228,46.733722,-117.159301,2021-10-17T06:00:00,campus
resi-0392,46.736616,-117.160374,2021-10-17T09:00:00,residential
resi-0421,46.727335,-117.164374,2021-10-17T14:00:00,residential
resi-0706,46.735163,-117.139101,2021-10-17T16:00:00,residential
park-1017,46.723778,-117.190527,2021-10-20T04:00:00,park
reta-1472,46.730284,-117.129963,2021-10-23T06:00:00,retail
park-1099,46.723054,-117.186471,2021-10-24T04:00:00,park
resi-0304,46.728151,-117.168566,2021-10-24T19:00:00,residential
camp-0031,46.734593,-117.167405,2021-10-25T09:00:00,campus
reta-1363,46.730535,-117.126615,2021-10-25T22:00:00,retail
resi-0750,46.736272,-117.142775,2021-10-28T16:00:00,residential
park-1183,46.726483,-117.194891,2021-11-01T14:00:00,park
camp-0186,46.736354,-117.166405,2021-11-01T23:00:00,campus
resi-0469,46.72382,-117.180986,2021-11-03T19:00:00,residential
camp-0081,46.724151,-117.136806,2021-11-04T09:00:00,campus
park-1067,46.720498,-117.176213,2021-11-05T11:00:00,park
park-0975,46.725289,-117.174628,2021-11-06T05:00:00,park
reta-1309,46.729962,-117.130519,2021-11-09T07:00:00,retail
resi-0473,46.724146,-117.183861,2021-11-09T18:00:00,residential
reta-1273,46.728342,-117.132397,2021-11-09T20:00:00,retail
resi-0554,46.727604,-117.167273,2021-11-10T16:00:00,residential
camp-0041,46.736416,-117.161405,2021-11-12T04:00:00,campus
resi-0850,46.738344,-117.143945,2021-11-13T01:00:00,residential
reta-1416,46.72614,-117.138019,2021-11-13T12:00:00,retail
resi-0351,46.725069,-117.16817,2021-11-14T04:00:00,residential
resi-0840,46.743507,-117.130968,2021-11-14T09:00:00,residential
reta-1294,46.726429,-117.123996,2021-11-14T09:00:00,retail
camp-0152,46.733373,-117.154896,2021-11-19T12:00:00,campus
camp-0241,46.72987,-117.162045,2021-11-19T15:00:00,campus
reta-1293,46.726307,-117.124814,2021-11-21T10:00:00,retail
park-0981,46.724683,-117.175355,2021-11-21T12:00:00,park
park-1151,46.723121,-117.181212,2021-11-21T13:00:00,park
park-1175,46.727529,-117.188617,2021-11-22T14:00:00,park
reta-1224,46.723791,-117.137196,2021-11-23T05:00:00,retail
resi-0895,46.738226,-117.147109,2021-11-25T17:00:00,residential
resi-0870,46.736257,-117.139291,2021-11-26T16:00:00,residential
camp-0053,46.731841,-117.152987,2021-11-26T20:00:00,campus
resi-0557,46.726829,-117.165426,2021-11-27T07:00:00,residential
resi-0315,46.735526,-117.168056,2021-11-27T17:00:00,residential
camp-0153,46.73295,-117.153774,2021-11-28T00:00:00,campus
resi-0322,46.73492,-117.171905,2021-11-28T18:00:00,residential
reta-1279,46.726396,-117.129681,2021-11-28T23:00:00,retail
reta-1381,46.742361,-117.129639,2021-12-02T11:00:00,retail
resi-0532,46.732249,-117.16317,2021-12-06T03:00:00,residential
reta-1257,46.730164,-117.135841,2021-12-07T17:00:00,retail
park-1092,46.726773,-117.18415,2021-12-07T20:00:00,park
resi-0692,46.724387,-117.129293,2021-12-09T01:00:00,residential
resi-0686,46.728809,-117.128988,2021-12-14T07:00:00,residential
park-0997,46.724783,-117.177333,2021-12-15T00:00:00,park
park-0996,46.724523,-117.17861,2021-12-15T23:00:00,park
park-1152,46.722796,-117.180163,2021-12-16T03:00:00,park
park-0900,46.721435,-117.179811,2021-12-17T10:00:00,park
resi-0496,46.728996,-117.183023,2021-12-17T22:00:00,residential
reta-1392,46.744048,-117.133491,2021-12-18T22:00:00,retail
park-1052,46.722424,-117.177214,2021-12-19T05:00:00,park
park-1083,46.721697,-117.182679,2021-12-19T12:00:00,park
park-1061,46.72219,-117.175825,2021-12-19T21:00:00,park
camp-0248,46.731677,-117.16377,2021-12-20T10:00:00,campus
reta-1306,46.729862,-117.133189,2021-12-21T09:00:00,retail
resi-0899,46.738006,-117.149302,2021-12-22T21:00:00,residential
resi-0675,46.729065,-117.134893,2021-12-23T02:00:00,residential
reta-1491,46.734953,-117.130006,2021-12-23T11:00:00,retail
park-1071,46.719377,-117.175901,2021-12-25T12:00:00,park
camp-0177,46.73458,-117.16567,2021-12-25T16:00:00,campus
camp-0229,46.731543,-117.158453,2021-12-25T17:00:00,campus
reta-1217,46.724336,-117.1354,2021-12-27T09:00:00,retail
park-1037,46.726773,-117.195768,2021-12-27T21:00:00,park
camp-0266,46.7255,-117.148458,2022-01-01T19:00:00,campus
camp-0162,46.734423,-117.158916,2022-01-01T22:00:00,campus
reta-1359,46.730906,-117.123382,2022-01-02T00:00:00,retail
resi-0502,46.72952,-117.164781,2022-01-02T20:00:00,residential
camp-0185,46.736145,-117.167472,2022-01-03T21:00:00,campus
camp-0142,46.71948,-117.142497,2022-01-03T22:00:00,campus
park-0924,46.720875,-117.177643,2022-01-04T06:00:00,park
camp-0295,46.721889,-117.146148,2022-01-04T10:00:00,campus
park-1014,46.722345,-117.189125,2022-01-04T22:00:00,park
resi-0397,46.736748,-117.157426,2022-01-05T07:00:00,residential
resi-0456,46.726843,-117.16677,2022-01-05T20:00:00,residential
camp-0209,46.729258,-117.156694,2022-01-07T09:00:00,campus
resi-0531,46.731915,-117.163464,2022-01-07T12:00:00,residential
resi-0342,46.735909,-117.165944,2022-01-07T16:00:00,residential
park-1035,46.726794,-117.193969,2022-01-10T12:00:00,park
resi-0803,46.738572,-117.142638,2022-01-15T15:00:00,residential
resi-0381,46.734582,-117.156347,2022-01-15T17:00:00,residential
camp-0240,46.729662,-117.158987,2022-01-16T05:00:00,campus
camp-0130,46.725013,-117.141628,2022-01-16T09:00:00,campus
reta-1248,46.726321,-117.145287,2022-01-19T21:00:00,retail
reta-1498,46.736772,-117.131387,2022-01-20T02:00:00,retail
reta-1304,46.727608,-117.1381,2022-01-21T13:00:00,retail
resi-0733,46.729779,-117.141017,2022-01-21T21:00:00,residential
camp-0141,46.721426,-117.142634,2022-01-22T15:00:00,campus
camp-0005,46.73227,-117.161586,2022-01-22T22:00:00,campus
resi-0814,46.745,-117.140489,2022-01-26T05:00:00,residential
resi-0567,46.727013,-117.166669,2022-01-26T21:00:00,residential
reta-1374,46.738929,-117.130397,2022-02-01T02:00:00,retail
reta-1390,46.745,-117.13133,2022-02-01T17:00:00,retail
resi-0666,46.732044,-117.13075,2022-02-03T09:00:00,residential
resi-0365,46.726272,-117.16217,2022-02-03T10:00:00,residential
camp-0176,46.735332,-117.165044,2022-02-03T13:00:00,campus
park-0907,46.718439,-117.180161,2022-02-04T13:00:00,park
reta-1463,46.731931,-117.131315,2022-02-05T09:00:00,retail
resi-0737,46.729185,-117.143542,2022-02-05T20:00:00,residential
resi-0634,46.741185,-117.155722,2022-02-05T22:00:00,residential
camp-0150,46.731749,-117.15324,2022-02-06T22:00:00,campus
resi-0335,46.734966,-117.169623,2022-02-07T05:00:00,residential
resi-0836,46.740091,-117.135301,2022-02-09T19:00:00,residential
reta-1252,46.729377,-117.136732,2022-02-10T18:00:00,retail
resi-0632,46.741875,-117.155011,2022-02-10T18:00:00,residential
resi-0582,46.723891,-117.169568,2022-02-11T12:00:00,residential
reta-1225,46.724394,-117.136358,2022-02-12T01:00:00,retail
reta-1429,46.726185,-117.146583,2022-02-14T17:00:00,retail
reta-1446,46.719885,-117.143039,2022-02-15T01:00:00,retail
camp-0297,46.721421,-117.144098,2022-02-15T03:00:00,campus
resi-0859,46.73613,-117.147524,2022-02-15T12:00:00,residential
resi-0663,46.73172,-117.13242,2022-02-16T10:00:00,residential
reta-1210,46.725296,-117.136374,2022-02-16T20:00:00,retail
resi-0773,46.733758,-117.131697,2022-02-17T23:00:00,residential
park-0913,46.718139,-117.182085,2022-02-19T08:00:00,park
camp-0046,46.737505,-117.163155,2022-02-19T21:00:00,campus
resi-0485,46.727654,-117.179692,2022-02-19T23:00:00,residential
camp-0094,46.722162,-117.131044,2022-02-20T02:00:00,campus
resi-0677,46.731268,-117.134066,2022-02-20T20:00:00,residential
park-1029,46.726163,-117.192268,2022-02-21T01:00:00,park
resi-0665,46.730561,-117.130362,2022-02-23T01:00:00,residential
resi-0753,46.733598,-117.141352,2022-02-23T03:00:00,residential
resi-0427,46.725058,-117.165061,2022-02-24T16:00:00,residential
resi-0541,46.733224,-117.16529,2022-02-24T19:00:00,residential
reta-1222,46.723227,-117.13553,2022-02-24T19:00:00,retail
camp-0148,46.720987,-117.137898,2022-02-25T09:00:00,campus
park-1180,46.726648,-117.189712,2022-02-26T07:00:00,park
camp-0071,46.727622,-117.137272,2022-02-26T21:00:00,campus
reta-1434,46.725516,-117.144543,2022-02-27T02:00:00,retail
camp-0290,46.723656,-117.146623,2022-02-27T17:00:00,campus
reta-1375,46.739063,-117.130233,2022-03-01T03:00:00,retail
park-1178,46.728441,-117.188263,2022-03-02T19:00:00,park
resi-0533,46.730747,-117.161957,2022-03-02T19:00:00,residential
reta-1206,46.729647,-117.138293,2022-03-03T19:00:00,retail
resi-0579,46.723096,-117.170183,2022-03-05T01:00:00,residential
park-0973,46.724955,-117.174922,2022-03-05T19:00:00,park
park-1019,46.725695,-117.190871,2022-03-05T23:00:00,park
resi-0842,46.745,-117.130409,2022-03-05T23:00:00,residential
resi-0863,46.736758,-117.145184,2022-03-06T09:00:00,residential
camp-0025,46.735432,-117.165813,2022-03-08T02:00:00,campus
resi-0864,46.735469,-117.146487,2022-03-08T21:00:00,residential
park-1057,46.721544,-117.177874,2022-03-09T15:00:00,park
camp-0057,46.729571,-117.148679,2022-03-09T16:00:00,campus
resi-0640,46.743507,-117.152895,2022-03-10T06:00:00,residential
resi-0622,46.740722,-117.152402,2022-03-11T01:00:00,residential
camp-0061,46.729318,-117.146609,2022-03-11T13:00:00,campus
resi-0345,46.737589,-117.1649,2022-03-11T23:00:00,residential
reta-1220,46.722083,-117.137785,2022-03-12T16:00:00,retail
resi-0761,46.736253,-117.136498,2022-03-13T00:00:00,residential
reta-1278,46.727068,-117.12979,2022-03-13T13:00:00,retail
resi-0683,46.731945,-117.130538,2022-03-13T21:00:00,residential
reta-1393,46.744804,-117.133149,2022-03-14T04:00:00,retail
reta-1209,46.727252,-117.136563,2022-03-14T12:00:00,retail
park-0915,46.720331,-117.182033,2022-03-15T08:00:00,park
reta-1286,46.726494,-117.128584,2022-03-15T13:00:00,retail
reta-1251,46.729669,-117.134551,2022-03-16T17:00:00,retail
camp-0151,46.733231,-117.153793,2022-03-19T02:00:00,campus
park-1159,46.728491,-117.184807,2022-03-20T18:00:00,park
camp-0213,46.728268,-117.155911,2022-03-21T18:00:00,campus
resi-0794,46.731136,-117.13601,2022-03-24T05:00:00,residential
resi-0633,46.741146,-117.154773,2022-03-24T16:00:00,residential
camp-0037,46.73556,-117.163345,2022-03-25T01:00:00,campus
resi-0592,46.723699,-117.177216,2022-03-25T08:00:00,residential
camp-0116,46.725231,-117.149355,2022-03-25T17:00:00,campus
camp-0132,46.725746,-117.14133,2022-03-27T12:00:00,campus
resi-0305,46.730018,-117.168829,2022-04-02T02:00:00,residential
resi-0327,46.736135,-117.172877,2022-04-02T20:00:00,residential
park-0991,46.726185,-117.17718,2022-04-03T09:00:00,park
park-0984,46.724203,-117.173794,2022-04-04T19:00:00,park
resi-0641,46.745,-117.151482,2022-04-06T07:00:00,residential
resi-0401,46.727045,-117.16785,2022-04-06T09:00:00,residential
park-1146,46.716658,-117.185143,2022-04-07T08:00:00,park
reta-1296,46.725044,-117.124455,2022-04-07T20:00:00,retail
park-1079,46.720657,-117.182817,2022-04-08T02:00:00,park
resi-0637,46.742285,-117.154818,2022-04-09T08:00:00,residential
resi-0876,46.732596,-117.14156,2022-04-11T12:00:00,residential
park-1016,46.724166,-117.190573,2022-04-11T19:00:00,park
reta-1315,46.729436,-117.131526,2022-04-13T10:00:00,retail
camp-0277,46.722042,-117.154128,2022-04-13T17:00:00,campus
resi-0561,46.726448,-117.16769,2022-04-14T06:00:00,residential
park-0941,46.721442,-117.179857,2022-04-14T14:00:00,park
park-1190,46.726916,-117.2,2022-04-15T20:00:00,park
resi-0770,46.738149,-117.133437,2022-04-16T08:00:00,residential
resi-0367,46.725747,-117.164917,2022-04-18T03:00:00,residential
camp-0112,46.727169,-117.152879,2022-04-20T01:00:00,campus
park-1013,46.722248,-117.188152,2022-04-20T08:00:00,park
resi-0436,46.722379,-117.158854,2022-04-23T11:00:00,residential
reta-1385,46.743881,-117.128788,2022-04-23T16:00:00,retail
camp-0015,46.734368,-117.163177,2022-04-24T02:00:00,campus
camp-0154,46.732135,-117.151899,2022-04-26T06:00:00,campus
reta-1431,46.726661,-117.145143,2022-04-28T02:00:00,retail
resi-0325,46.734494,-117.173675,2022-04-28T19:00:00,residential
resi-0830,46.741621,-117.139577,2022-05-01T08:00:00,residential
park-0951,46.722339,-117.180266,2022-05-01T16:00:00,park
resi-0471,46.724547,-117.183501,2022-05-01T18:00:00,residential
reta-1219,46.723529,-117.138208,2022-05-02T04:00:00,retail
park-1170,46.727709,-117.183754,2022-05-03T02:00:00,park
reta-1379,46.740853,-117.130784,2022-05-03T10:00:00,retail
resi-0462,46.723418,-117.169196,2022-05-05T22:00:00,residential
reta-1399,46.743303,-117.135652,2022-05-06T00:00:00,retail
reta-1396,46.745,-117.134327,2022-05-06T12:00:00,retail
resi-0571,46.726982,-117.171187,2022-05-09T01:00:00,residential
resi-0578,46.723952,-117.169428,2022-05-09T16:00:00,residential
resi-0353,46.72478,-117.168561,2022-05-10T02:00:00,residential
camp-0196,46.733583,-117.168764,2022-05-10T06:00:00,campus
park-1091,46.727481,-117.185325,2022-05-10T15:00:00,park
resi-0716,46.729762,-117.137611,2022-05-12T21:00:00,residential
reta-1241,46.726967,-117.143155,2022-05-13T16:00:00,retail
camp-0086,46.725473,-117.133747,2022-05-14T08:00:00,campus
camp-0042,46.736198,-117.162576,2022-05-15T01:00:00,campus
resi-0399,46.736579,-117.157251,2022-05-15T16:00:00,residential
park-0933,46.720927,-117.184084,2022-05-16T12:00:00,park
resi-0565,46.727478,-117.16535,2022-05-16T17:00:00,residential
resi-0319,46.735435,-117.168499,2022-05-17T12:00:00,residential
resi-0463,46.723525,-117.171857,2022-05-17T14:00:00,residential
resi-0438,46.722322,-117.155949,2022-05-18T00:00:00,residential
park-0982,46.724138,-117.173246,2022-05-21T02:00:00,park
camp-0271,46.72339,-117.152429,2022-05-24T05:00:00,campus
park-1045,46.726684,-117.194781,2022-05-25T03:00:00,park
park-1033,46.725364,-117.193134,2022-05-25T20:00:00,park
resi-0653,46.736056,-117.137976,2022-05-26T08:00:00,residential
reta-1410,46.726554,-117.138828,2022-05-26T12:00:00,retail
park-1026,46.727778,-117.191331,2022-05-28T21:00:00,park
park-1186,46.72725,-117.196907,2022-06-02T12:00:00,park
camp-0120,46.729323,-117.147836,2022-06-02T20:00:00,campus
reta-1245,46.728373,-117.144804,2022-06-03T09:00:00,retail
camp-0257,46.729586,-117.153333,2022-06-03T17:00:00,campus
resi-0806,46.740773,-117.142147,2022-06-04T21:00:00,residential
reta-1337,46.727376,-117.130436,2022-06-06T12:00:00,retail
resi-0604,46.741038,-117.149247,2022-06-06T14:00:00,residential
resi-0878,46.733623,-117.142814,2022-06-07T22:00:00,residential
resi-0874,46.733316,-117.142303,2022-06-11T07:00:00,residential
park-0970,46.721909,-117.176582,2022-06-11T16:00:00,park
resi-0396,46.737214,-117.158014,2022-06-11T16:00:00,residential
resi-0704,46.735876,-117.140552,2022-06-12T06:00:00,residential
reta-1320,46.731963,-117.131471,2022-06-12T12:00:00,retail
camp-0089,46.722613,-117.133989,2022-06-12T17:00:00,campus
reta-1368,46.732629,-117.130269,2022-06-13T02:00:00,retail
reta-1256,46.731274,-117.136294,2022-06-13T17:00:00,retail
resi-0613,46.736689,-117.152233,2022-06-14T03:00:00,residential
resi-0708,46.732777,-117.137713,2022-06-14T06:00:00,residential
reta-1233,46.723348,-117.138753,2022-06-14T20:00:00,retail
park-0923,46.721435,-117.176835,2022-06-16T00:00:00,park
resi-0539,46.732719,-117.167801,2022-06-16T05:00:00,residential
park-1065,46.722064,-117.175793,2022-06-16T07:00:00,park
reta-1477,46.729952,-117.131807,2022-06-17T01:00:00,retail
reta-1369,46.734687,-117.130342,2022-06-17T02:00:00,retail
reta-1235,46.723616,-117.139127,2022-06-17T14:00:00,retail
resi-0527,46.730066,-117.165134,2022-06-17T17:00:00,residential
park-1121,46.717122,-117.18117,2022-06-18T09:00:00,park
camp-0134,46.721899,-117.143,2022-06-18T13:00:00,campus
reta-1419,46.725568,-117.140779,2022-06-19T22:00:00,retail
camp-0123,46.729012,-117.143702,2022-06-21T09:00:00,campus
camp-0287,46.723631,-117.146609,2022-06-21T14:00:00,campus
park-0904,46.718854,-117.180698,2022-06-21T23:00:00,park
reta-1453,46.729256,-117.133181,2022-06-22T10:00:00,retail
park-1196,46.726086,-117.2,2022-06-23T07:00:00,park
resi-0645,46.743958,-117.148512,2022-06-23T16:00:00,residential
resi-0711,46.731261,-117.136526,2022-06-23T20:00:00,residential
camp-0127,46.727477,-117.143317,2022-06-26T05:00:00,campus
park-0922,46.720239,-117.177773,2022-06-26T14:00:00,park
resi-0741,46.72743,-117.140532,2022-06-28T17:00:00,residential
reta-1458,46.728413,-117.129077,2022-07-01T10:00:00,retail
resi-0786,46.730667,-117.133851,2022-07-01T10:00:00,residential
resi-0754,46.73421,-117.138198,2022-07-01T18:00:00,residential
resi-0748,46.729846,-117.143389,2022-07-05T13:00:00,residential
reta-1311,46.729855,-117.131939,2022-07-06T10:00:00,retail
camp-0252,46.732855,-117.15178,2022-07-07T07:00:00,campus
resi-0789,46.729842,-117.136196,2022-07-08T06:00:00,residential
park-1008,46.723464,-117.186817,2022-07-08T14:00:00,park
camp-0274,46.721673,-117.153592,2022-07-09T13:00:00,campus
park-0954,46.722381,-117.179063,2022-07-09T16:00:00,park
reta-1406,46.728413,-117.135606,2022-07-10T12:00:00,retail
reta-1262,46.726132,-117.1382,2022-07-11T13:00:00,retail
resi-0607,46.73845,-117.151696,2022-07-12T14:00:00,residential
camp-0030,46.735345,-117.167982,2022-07-13T00:00:00,campus
resi-0804,46.74019,-117.144526,2022-07-13T03:00:00,residential
camp-0202,46.732034,-117.152791,2022-07-13T17:00:00,campus
camp-0249,46.731906,-117.163462,2022-07-14T17:00:00,campus
reta-1486,46.731604,-117.127677,2022-07-17T14:00:00,retail
resi-0409,46.728551,-117.160858,2022-07-18T17:00:00,residential
reta-1424,46.725038,-117.138823,2022-07-19T09:00:00,retail
resi-0535,46.732558,-117.163837,2022-07-20T03:00:00,residential
resi-0573,46.725625,-117.171782,2022-07-20T14:00:00,residential
resi-0309,46.732328,-117.16977,2022-07-21T04:00:00,residential
reta-1231,46.725887,-117.135223,2022-07-21T05:00:00,retail
resi-0479,46.72741,-117.179961,2022-07-22T07:00:00,residential
park-1147,46.717834,-117.186275,2022-07-22T10:00:00,park
reta-1493,46.736677,-117.127418,2022-07-23T12:00:00,retail
camp-0024,46.734657,-117.165432,2022-07-24T04:00:00,campus
camp-0272,46.722513,-117.152286,2022-07-25T07:00:00,campus
reta-1334,46.729321,-117.129986,2022-07-25T12:00:00,retail
camp-0198,46.734753,-117.16995,2022-07-26T03:00:00,campus
camp-0197,46.734414,-117.169194,2022-07-26T17:00:00,campus
reta-1382,46.743429,-117.128592,2022-07-26T21:00:00,retail
resi-0831,46.742078,-117.140191,2022-07-27T14:00:00,residential
reta-1462,46.730549,-117.131722,2022-07-28T20:00:00,retail
reta-1459,46.729196,-117.128484,2022-08-01T19:00:00,retail
resi-0352,46.724117,-117.166866,2022-08-02T12:00:00,residential
reta-1267,46.727705,-117.137674,2022-08-04T14:00:00,retail
resi-0623,46.740853,-117.151758,2022-08-05T06:00:00,residential
resi-0414,46.726871,-117.162737,2022-08-06T09:00:00,residential
resi-0862,46.738459,-117.146418,2022-08-07T18:00:00,residential
camp-0195,46.733183,-117.168965,2022-08-08T12:00:00,campus
park-0926,46.720601,-117.179434,2022-08-10T12:00:00,park
resi-0516,46.731986,-117.165239,2022-08-10T13:00:00,residential
resi-0668,46.733226,-117.133004,2022-08-11T18:00:00,residential
reta-1492,46.737258,-117.128332,2022-08-11T18:00:00,retail
resi-0584,46.722926,-117.170255,2022-08-13T04:00:00,residential
resi-0649,46.744224,-117.148523,2022-08-13T15:00:00,residential
resi-0756,46.734102,-117.137637,2022-08-13T15:00:00,residential
reta-1400,46.729334,-117.134728,2022-08-13T22:00:00,retail
camp-0263,46.724455,-117.151169,2022-08-13T23:00:00,campus
reta-1277,46.727612,-117.132876,2022-08-14T14:00:00,retail
resi-0481,46.727147,-117.177972,2022-08-15T08:00:00,residential
resi-0882,46.732756,-117.143443,2022-08-16T00:00:00,residential
camp-0104,46.730758,-117.151503,2022-08-16T11:00:00,campus
resi-0416,46.725818,-117.162945,2022-08-16T22:00:00,residential
park-1100,46.72098,-117.179169,2022-08-17T15:00:00,park
park-1129,46.715,-117.184003,2022-08-18T23:00:00,park
resi-0621,46.740613,-117.151201,2022-08-19T12:00:00,residential
resi-0431,46.725607,-117.160317,2022-08-19T12:00:00,residential
resi-0387,46.736443,-117.158427,2022-08-19T18:00:00,residential
camp-0223,46.733983,-117.158827,2022-08-21T14:00:00,campus
reta-1409,46.727972,-117.137217,2022-08-24T20:00:00,retail
reta-1298,46.723807,-117.122684,2022-08-24T23:00:00,retail
park-0937,46.719379,-117.182399,2022-08-25T15:00:00,park
resi-0626,46.741673,-117.155484,2022-08-26T19:00:00,residential
park-0935,46.721069,-117.183704,2022-08-27T05:00:00,park
reta-1232,46.725206,-117.137006,2022-08-28T14:00:00,retail
reta-1355,46.732688,-117.131737,2022-08-28T23:00:00,retail
reta-1265,46.728103,-117.137421,2022-09-01T02:00:00,retail
park-1141,46.716847,-117.18558,2022-09-01T04:00:00,park
camp-0128,46.726501,-117.14349,2022-09-02T08:00:00,campus
resi-0746,46.727896,-117.143968,2022-09-02T19:00:00,residential
camp-0161,46.734798,-117.158684,2022-09-03T10:00:00,campus
park-1130,46.715,-117.183378,2022-09-03T19:00:00,park
resi-0398,46.737198,-117.156112,2022-09-03T22:00:00,residential
reta-1213,46.723155,-117.135333,2022-09-06T11:00:00,retail
camp-0171,46.734637,-117.166694,2022-09-06T18:00:00,campus
park-1137,46.715367,-117.183651,2022-09-08T17:00:00,park
resi-0821,46.742095,-117.14267,2022-09-08T22:00:00,residential
resi-0698,46.725394,-117.128231,2022-09-12T10:00:00,residential
reta-1322,46.729996,-117.130584,2022-09-15T01:00:00,retail
resi-0744,46.728221,-117.141712,2022-09-18T03:00:00,residential
park-1056,46.721565,-117.177415,2022-09-18T18:00:00,park
camp-0250,46.733022,-117.154113,2022-09-21T01:00:00,campus
camp-0183,46.736627,-117.16663,2022-09-21T13:00:00,campus
resi-0406,46.727408,-117.161885,2022-09-22T20:00:00,residential
resi-0465,46.724562,-117.173675,2022-09-23T06:00:00,residential
resi-0492,46.729506,-117.182238,2022-09-23T12:00:00,residential
park-1111,46.71873,-117.179324,2022-09-23T16:00:00,park
park-1020,46.727399,-117.190734,2022-09-26T21:00:00,park
camp-0129,46.724973,-117.143332,2022-09-27T18:00:00,campus
reta-1456,46.729342,-117.129733,2022-09-28T09:00:00,retail
park-1188,46.727591,-117.198495,2022-10-01T00:00:00,park
reta-1402,46.727412,-117.136968,2022-10-01T11:00:00,retail
camp-0101,46.731405,-117.152319,2022-10-01T13:00:00,campus
park-1053,46.723353,-117.178051,2022-10-04T10:00:00,park
resi-0344,46.737675,-117.165662,2022-10-04T21:00:00,residential
park-1096,46.723892,-117.183211,2022-10-05T18:00:00,park
resi-0743,46.727694,-117.140846,2022-10-06T10:00:00,residential
park-1198,46.728069,-117.199621,2022-10-06T14:00:00,park
reta-1308,46.729624,-117.132093,2022-10-06T15:00:00,retail
resi-0776,46.733939,-117.131175,2022-10-06T16:00:00,residential
resi-0446,46.718886,-117.160094,2022-10-07T14:00:00,residential
resi-0732,46.728841,-117.140185,2022-10-09T11:00:00,residential
camp-0124,46.728565,-117.14103,2022-10-11T06:00:00,campus
resi-0323,46.733044,-117.171587,2022-10-12T09:00:00,residential
reta-1427,46.726158,-117.143309,2022-10-12T12:00:00,retail
park-1048,46.726209,-117.197012,2022-10-13T02:00:00,park
park-1148,46.71761,-117.18488,2022-10-15T01:00:00,park
park-0917,46.721427,-117.182362,2022-10-15T06:00:00,park
reta-1201,46.72839,-117.135394,2022-10-15T10:00:00,retail
resi-0883,46.73272,-117.143108,2022-10-16T03:00:00,residential
park-1102,46.718324,-117.17908,2022-10-16T05:00:00,park
park-0920,46.719511,-117.179645,2022-10-16T11:00:00,park
park-0988,46.725671,-117.174584,2022-10-17T13:00:00,park
reta-1237,46.724309,-117.139361,2022-10-17T13:00:00,retail
resi-0609,46.739459,-117.154477,2022-10-18T20:00:00,residential
park-0979,46.724058,-117.171559,2022-10-19T12:00:00,park
resi-0781,46.727992,-117.137123,2022-10-19T16:00:00,residential
camp-0211,46.728666,-117.157174,2022-10-20T11:00:00,campus
camp-0056,46.730775,-117.150239,2022-10-23T00:00:00,campus
resi-0810,46.744959,-117.142471,2022-10-24T10:00:00,residential
reta-1345,46.729667,-117.12476,2022-10-25T15:00:00,retail
reta-1341,46.728808,-117.126146,2022-10-26T00:00:00,retail
resi-0507,46.729959,-117.162634,2022-10-27T16:00:00,residential
resi-0591,46.722539,-117.178441,2022-11-01T21:00:00,residential
resi-0615,46.73884,-117.154571,2022-11-03T06:00:00,residential
reta-1300,46.727973,-117.136091,2022-11-03T08:00:00,retail
park-0999,46.725054,-117.175966,2022-11-04T13:00:00,park
camp-0026,46.735319,-117.166727,2022-11-04T17:00:00,campus
reta-1467,46.732985,-117.129133,2022-11-04T21:00:00,retail
resi-0374,46.733441,-117.160517,2022-11-04T22:00:00,residential
resi-0388,46.734795,-117.158793,2022-11-05T19:00:00,residential
camp-0243,46.731789,-117.162785,2022-11-06T06:00:00,campus
camp-0299,46.720774,-117.14087,2022-11-06T18:00:00,campus
resi-0328,46.736152,-117.171187,2022-11-07T06:00:00,residential
resi-0676,46.731252,-117.134942,2022-11-08T11:00:00,residential
camp-0023,46.734215,-117.163231,2022-11-09T04:00:00,campus
resi-0827,46.74175,-117.1417,2022-11-09T20:00:00,residential
park-0942,46.721407,-117.17866,2022-11-10T07:00:00,park
reta-1253,46.72952,-117.136898,2022-11-10T07:00:00,retail
reta-1249,46.72599,-117.1471,2022-11-10T19:00:00,retail
reta-1422,46.72633,-117.139596,2022-11-11T15:00:00,retail
reta-1494,46.736028,-117.126399,2022-11-12T01:00:00,retail
park-1169,46.728768,-117.183828,2022-11-12T03:00:00,park
reta-1285,46.726615,-117.128882,2022-11-12T10:00:00,retail
park-1012,46.722156,-117.188451,2022-11-13T12:00:00,park
resi-0551,46.727021,-117.16706,2022-11-13T12:00:00,residential
resi-0371,46.727915,-117.163192,2022-11-13T18:00:00,residential
reta-1484,46.730316,-117.127818,2022-11-16T07:00:00,retail
park-1134,46.715518,-117.184237,2022-11-16T16:00:00,park
resi-0693,46.724105,-117.129121,2022-11-17T20:00:00,residential
reta-1490,46.734299,-117.129315,2022-11-18T07:00:00,retail
camp-0215,46.727233,-117.157913,2022-11-18T13:00:00,campus
park-0974,46.725065,-117.176004,2022-11-19T04:00:00,park
camp-0103,46.729618,-117.151295,2022-11-19T05:00:00,campus
park-0919,46.721243,-117.179945,2022-11-19T22:00:00,park
camp-0009,46.736127,-117.165017,2022-11-20T02:00:00,campus
camp-0033,46.735191,-117.165811,2022-11-20T03:00:00,campus
reta-1259,46.729819,-117.136023,2022-11-20T14:00:00,retail
reta-1425,46.72604,-117.140474,2022-11-23T17:00:00,retail
reta-1274,46.729636,-117.1329,2022-11-23T18:00:00,retail
reta-1352,46.731008,-117.132832,2022-11-24T07:00:00,retail
camp-0007,46.73458,-117.165964,2022-11-24T21:00:00,campus
resi-0442,46.72138,-117.157092,2022-11-25T08:00:00,residential
resi-0671,46.733133,-117.134337,2022-11-26T01:00:00,residential
resi-0659,46.734695,-117.135557,2022-11-27T05:00:00,residential
resi-0428,46.724234,-117.164283,2022-11-27T10:00:00,residential
park-0930,46.722342,-117.182247,2022-11-27T15:00:00,park
resi-0801,46.739262,-117.140762,2022-11-27T19:00:00,residential
resi-0853,46.736246,-117.142391,2022-11-27T20:00:00,residential
camp-0284,46.721227,-117.149621,2022-12-01T11:00:00,campus
reta-1405,46.728013,-117.134671,2022-12-01T14:00:00,retail
reta-1479,46.730592,-117.131553,2022-12-02T11:00:00,retail
resi-0490,46.730349,-117.182589,2022-12-04T09:00:00,residential
park-0911,46.718263,-117.184159,2022-12-06T20:00:00,park
park-1125,46.717504,-117.18316,2022-12-07T05:00:00,park
resi-0513,46.731836,-117.163812,2022-12-09T01:00:00,residential
reta-1414,46.725426,-117.136431,2022-12-15T15:00:00,retail
resi-0313,46.733958,-117.168788,2022-12-15T20:00:00,residential
camp-0205,46.73134,-117.154905,2022-12-17T15:00:00,campus
resi-0839,46.742037,-117.131998,2022-12-18T17:00:00,residential
resi-0629,46.741359,-117.152321,2022-12-21T01:00:00,residential
park-1064,46.722057,-117.174556,2022-12-21T20:00:00,park
reta-1317,46.730983,-117.129073,2022-12-22T06:00:00,retail
park-0968,46.720216,-117.176177,2022-12-22T19:00:00,park
resi-0865,46.735774,-117.145634,2022-12-23T03:00:00,residential
park-0964,46.7218,-117.177888,2022-12-24T15:00:00,park
resi-0766,46.736419,-117.134062,2022-12-26T03:00:00,residential
resi-0343,46.737738,-117.166816,2022-12-26T14:00:00,residential
resi-0858,46.736636,-117.148473,2022-12-27T11:00:00,residential
resi-0548,46.735471,-117.173106,2022-12-27T13:00:00,residential
